Variable;Value;Timestamp
C_30_Robot1;false;2025-09-25T14:30:58.516Z
C_30_Robot2;true;2025-09-25T14:30:58.554Z
C_30_Robot1;false;2025-09-25T14:30:58.785Z
C_30_Robot2;true;2025-09-25T14:30:58.824Z
C_45_StorePart;false;2025-09-25T14:31:01.152Z
C_45_RetrievePart;true;2025-09-25T14:31:01.183Z
C_45_StorePart;false;2025-09-25T14:31:01.385Z
C_45_RetrievePart;true;2025-09-25T14:31:01.419Z
C_75_Identified;false;2025-09-25T14:32:10.701Z
C_75_Requested;true;2025-09-25T14:32:10.739Z
C_75_Identified80;false;2025-09-25T14:32:11.011Z
C_75_Requested80;true;2025-09-25T14:32:11.057Z
C_75_Identified;false;2025-09-25T14:32:11.057Z
C_75_Requested;true;2025-09-25T14:32:11.057Z
C_75_RQ_Delivery1;true;2025-09-25T14:32:15.366Z
C_75_RQ_Delivery2;true;2025-09-25T14:32:15.399Z
C_75_RQ_Delivery1;true;2025-09-25T14:32:15.599Z
C_75_RQ_Delivery2;true;2025-09-25T14:32:15.627Z
C_75_RQ_Delivery1;true;2025-09-25T14:32:19.698Z
C_75_RQ_Delivery2;false;2025-09-25T14:32:19.733Z
C_75_RQ_Delivery2;false;2025-09-25T14:32:19.939Z
C_75_RQ_Delivery1;true;2025-09-25T14:32:21.503Z
C_75_RQ_Delivery2;true;2025-09-25T14:32:21.540Z
C_75_RQ_Delivery2;true;2025-09-25T14:32:21.754Z
C_105_Test;false;2025-09-25T14:32:41.340Z
C_105_TestDrill;true;2025-09-25T14:32:41.377Z
C_105_Rotation;false;2025-09-25T14:32:41.417Z
C_105_Test;false;2025-09-25T14:32:41.539Z
C_105_TestDrill;true;2025-09-25T14:32:41.581Z
C_24_Request;true;2025-09-25T14:34:43.131Z
F_22_Conveyor;true;2025-09-25T14:34:43.336Z
F_29_Release_FB;true;2025-09-25T14:34:43.391Z
C_24_Request;true;2025-09-25T14:34:43.391Z
A_54_Release_FB;true;2025-09-25T14:34:43.391Z
O_29_Pist_Bck;true;2025-09-25T14:34:43.492Z
A_53_SortCartID;0;2025-09-25T14:34:43.532Z
A_54_Pist_Bck;true;2025-09-25T14:34:43.532Z
C_24_Request;false;2025-09-25T14:34:45.100Z
C_24_Request;false;2025-09-25T14:34:45.254Z
O_29_Cart_Stat;false;2025-09-25T14:34:45.606Z
A_54_Cart_Stat;false;2025-09-25T14:34:45.637Z
F_53_Led_Extra1;true;2025-09-25T14:34:45.681Z
A_54_No_Cart;true;2025-09-25T14:34:45.712Z
O_29_Cart_Next;true;2025-09-25T14:34:51.928Z
F_29_Release_FB;false;2025-09-25T14:34:51.976Z
A_54_Cart_Next;true;2025-09-25T14:34:51.976Z
A_54_Release_FB;false;2025-09-25T14:34:51.976Z
O_29_Pist_Bck;false;2025-09-25T14:34:52.071Z
A_54_Pist_Bck;false;2025-09-25T14:34:52.102Z
A_73_TestCartID;1;2025-09-25T14:34:52.557Z
O_24_Count;true;2025-09-25T14:34:52.617Z
A_73_TestCartID;2;2025-09-25T14:34:52.657Z
A_74_Count;true;2025-09-25T14:34:52.657Z
O_24_Count;false;2025-09-25T14:34:52.727Z
A_74_Count;false;2025-09-25T14:34:52.757Z
O_29_Cart_Next;false;2025-09-25T14:34:52.928Z
A_54_Cart_Next;false;2025-09-25T14:34:52.959Z
F_22_Conveyor;false;2025-09-25T14:34:53.552Z
O_24_Cart_Stat;true;2025-09-25T14:34:53.619Z
F_73_Led_Extra1;false;2025-09-25T14:34:53.619Z
A_74_No_Cart;false;2025-09-25T14:34:53.619Z
C_24_CartDel;true;2025-09-25T14:34:53.619Z
A_74_Cart_Stat;true;2025-09-25T14:34:53.619Z
A_74_CRoute_In;true;2025-09-25T14:34:53.751Z
A_74_CRoute_In80;true;2025-09-25T14:34:53.903Z
F_82_Arm_2_Del;true;2025-09-25T14:34:53.941Z
A_74_CRoute_In;true;2025-09-25T14:34:53.942Z
A_74_CRoute_In;false;2025-09-25T14:34:55.655Z
A_74_CRoute_In80;false;2025-09-25T14:34:55.809Z
A_74_CRoute_In;false;2025-09-25T14:34:55.840Z
O_80_Arm_Mag;false;2025-09-25T14:34:55.876Z
C_24_CartDel;false;2025-09-25T14:34:56.506Z
O_70_SStation;true;2025-09-25T14:34:57.329Z
O_80_Arm_Del;true;2025-09-25T14:34:57.377Z
F_82_Pist_Adv;true;2025-09-25T14:34:57.377Z
F_82_Arm_2_Del;false;2025-09-25T14:34:57.378Z
O_80_Pist_Back;false;2025-09-25T14:34:57.706Z
O_80_Mag_Empty;true;2025-09-25T14:34:57.921Z
O_80_Mag_Empty;false;2025-09-25T14:34:57.994Z
F_82_Pist_Adv;false;2025-09-25T14:34:58.287Z
F_82_Arm_2_Mag;true;2025-09-25T14:34:58.318Z
O_80_Mag_Empty;true;2025-09-25T14:34:58.353Z
O_80_Pist_Back;true;2025-09-25T14:34:58.412Z
O_80_Mag_Empty;false;2025-09-25T14:34:58.446Z
O_70_SStation;false;2025-09-25T14:34:59.562Z
O_80_Arm_Del;false;2025-09-25T14:34:59.724Z
O_80_Arm_Mag;true;2025-09-25T14:35:00.485Z
F_82_Suction_On;true;2025-09-25T14:35:00.524Z
F_82_Arm_2_Mag;false;2025-09-25T14:35:00.525Z
O_80_Part_Stuck;true;2025-09-25T14:35:00.615Z
F_82_Arm_2_Del;true;2025-09-25T14:35:00.649Z
O_80_Arm_Mag;false;2025-09-25T14:35:01.928Z
O_80_Mag_Full;true;2025-09-25T14:35:01.984Z
O_80_Mag_Full;false;2025-09-25T14:35:02.728Z
O_80_Arm_Del;true;2025-09-25T14:35:03.859Z
F_82_Suction_On;false;2025-09-25T14:35:03.912Z
F_82_Suction_Off;true;2025-09-25T14:35:03.912Z
F_82_Arm_2_Del;false;2025-09-25T14:35:03.912Z
O_70_SInductive;true;2025-09-25T14:35:04.031Z
O_70_SStation;true;2025-09-25T14:35:04.118Z
O_70_SPart;true;2025-09-25T14:35:04.118Z
C_75_Part_Del;false;2025-09-25T14:35:04.118Z
O_80_Part_Stuck;false;2025-09-25T14:35:04.118Z
F_82_Suction_Off;false;2025-09-25T14:35:04.118Z
F_82_Arm_2_Mag;true;2025-09-25T14:35:04.118Z
F_83_Led_Extra1;true;2025-09-25T14:35:04.118Z
C_85_Part_Del;true;2025-09-25T14:35:04.119Z
O_80_Mag_Full;true;2025-09-25T14:35:04.281Z
O_80_Mag_Full;false;2025-09-25T14:35:04.339Z
O_70_SStation;false;2025-09-25T14:35:05.040Z
O_80_Arm_Del;false;2025-09-25T14:35:05.243Z
F_72_Elev_Up;true;2025-09-25T14:35:05.950Z
O_80_Arm_Mag;true;2025-09-25T14:35:05.992Z
F_82_Arm_2_Mag;false;2025-09-25T14:35:05.992Z
O_70_Elev_Low;false;2025-09-25T14:35:06.808Z
O_70_SInductive;false;2025-09-25T14:35:07.069Z
O_70_SStation;true;2025-09-25T14:35:07.281Z
O_70_SStation;false;2025-09-25T14:35:07.509Z
F_83_Led_Extra1;false;2025-09-25T14:35:07.908Z
C_85_Part_Del;false;2025-09-25T14:35:07.939Z
O_70_SPart_Height;true;2025-09-25T14:35:08.882Z
O_70_Elev_High;true;2025-09-25T14:35:09.144Z
F_72_Elev_Down;true;2025-09-25T14:35:11.164Z
F_72_Elev_Up;false;2025-09-25T14:35:11.192Z
O_70_SPart_Height;false;2025-09-25T14:35:11.261Z
O_70_Elev_High;false;2025-09-25T14:35:11.291Z
O_70_SStation;true;2025-09-25T14:35:13.162Z
O_70_SStation;false;2025-09-25T14:35:13.454Z
O_70_SInductive;true;2025-09-25T14:35:13.824Z
O_70_Elev_Low;true;2025-09-25T14:35:14.103Z
F_72_Elev_Down;false;2025-09-25T14:35:14.145Z
F_72_Eject_Part;true;2025-09-25T14:35:14.145Z
O_70_Pist_Back;false;2025-09-25T14:35:14.206Z
O_70_SInductive;false;2025-09-25T14:35:14.251Z
O_70_SPart;false;2025-09-25T14:35:14.282Z
F_72_Eject_Part;false;2025-09-25T14:35:16.057Z
O_70_Pist_Back;true;2025-09-25T14:35:16.475Z
C_75_RQ_Wrong;true;2025-09-25T14:35:16.514Z
F_82_Arm_2_Del;true;2025-09-25T14:35:16.514Z
O_80_Arm_Mag;false;2025-09-25T14:35:18.021Z
O_70_SStation;true;2025-09-25T14:35:19.735Z
O_80_Arm_Del;true;2025-09-25T14:35:19.781Z
F_82_Pist_Adv;true;2025-09-25T14:35:19.781Z
F_82_Arm_2_Del;false;2025-09-25T14:35:19.781Z
O_80_Pist_Back;false;2025-09-25T14:35:20.120Z
O_80_Mag_Empty;true;2025-09-25T14:35:20.346Z
O_80_Mag_Empty;false;2025-09-25T14:35:20.422Z
F_82_Pist_Adv;false;2025-09-25T14:35:20.695Z
F_82_Arm_2_Mag;true;2025-09-25T14:35:20.722Z
O_80_Mag_Empty;true;2025-09-25T14:35:20.760Z
O_80_Pist_Back;true;2025-09-25T14:35:20.834Z
O_80_Mag_Empty;false;2025-09-25T14:35:20.864Z
O_70_SStation;false;2025-09-25T14:35:22.081Z
O_80_Arm_Del;false;2025-09-25T14:35:22.247Z
O_80_Arm_Mag;true;2025-09-25T14:35:22.966Z
F_82_Suction_On;true;2025-09-25T14:35:23.004Z
F_82_Arm_2_Mag;false;2025-09-25T14:35:23.004Z
O_80_Part_Stuck;true;2025-09-25T14:35:23.120Z
F_82_Arm_2_Del;true;2025-09-25T14:35:23.147Z
O_80_Arm_Mag;false;2025-09-25T14:35:24.523Z
O_70_SInductive;true;2025-09-25T14:35:26.442Z
O_70_SStation;true;2025-09-25T14:35:26.508Z
O_80_Arm_Del;true;2025-09-25T14:35:26.508Z
F_82_Suction_On;false;2025-09-25T14:35:26.509Z
F_82_Suction_Off;true;2025-09-25T14:35:26.509Z
F_82_Arm_2_Del;false;2025-09-25T14:35:26.509Z
O_70_SPart;true;2025-09-25T14:35:26.654Z
C_75_RQ_Wrong;false;2025-09-25T14:35:26.730Z
O_80_Part_Stuck;false;2025-09-25T14:35:26.730Z
F_82_Suction_Off;false;2025-09-25T14:35:26.730Z
F_82_Arm_2_Mag;true;2025-09-25T14:35:26.730Z
F_83_Led_Extra1;true;2025-09-25T14:35:26.730Z
C_85_Part_Del;true;2025-09-25T14:35:26.730Z
O_70_SStation;false;2025-09-25T14:35:27.623Z
O_80_Arm_Del;false;2025-09-25T14:35:27.773Z
F_72_Elev_Up;true;2025-09-25T14:35:28.500Z
O_80_Arm_Mag;true;2025-09-25T14:35:28.538Z
F_82_Arm_2_Mag;false;2025-09-25T14:35:28.538Z
O_70_Elev_Low;false;2025-09-25T14:35:29.357Z
O_70_SInductive;false;2025-09-25T14:35:29.570Z
O_70_SStation;true;2025-09-25T14:35:29.824Z
O_70_SStation;false;2025-09-25T14:35:30.084Z
F_83_Led_Extra1;false;2025-09-25T14:35:30.444Z
C_85_Part_Del;false;2025-09-25T14:35:30.474Z
O_70_SPart_Height;true;2025-09-25T14:35:31.475Z
O_70_Elev_High;true;2025-09-25T14:35:31.685Z
F_72_Elev_Down;true;2025-09-25T14:35:33.710Z
F_72_Elev_Up;false;2025-09-25T14:35:33.741Z
O_70_SPart_Height;false;2025-09-25T14:35:33.782Z
O_70_Elev_High;false;2025-09-25T14:35:33.808Z
O_70_SStation;true;2025-09-25T14:35:35.712Z
O_70_SStation;false;2025-09-25T14:35:36.014Z
O_70_SInductive;true;2025-09-25T14:35:36.357Z
O_70_Elev_Low;true;2025-09-25T14:35:36.625Z
F_72_Elev_Down;false;2025-09-25T14:35:36.664Z
F_72_Eject_Part;true;2025-09-25T14:35:36.664Z
O_70_Pist_Back;false;2025-09-25T14:35:36.725Z
O_70_SInductive;false;2025-09-25T14:35:36.768Z
O_70_SPart;false;2025-09-25T14:35:36.798Z
F_72_Eject_Part;false;2025-09-25T14:35:38.584Z
O_70_Pist_Back;true;2025-09-25T14:35:38.963Z
C_75_RQ_Wrong;true;2025-09-25T14:35:39.002Z
F_82_Arm_2_Del;true;2025-09-25T14:35:39.002Z
O_80_Arm_Mag;false;2025-09-25T14:35:40.502Z
O_70_SStation;true;2025-09-25T14:35:42.279Z
O_80_Arm_Del;true;2025-09-25T14:35:42.326Z
F_82_Pist_Adv;true;2025-09-25T14:35:42.326Z
F_82_Arm_2_Del;false;2025-09-25T14:35:42.326Z
O_80_Pist_Back;false;2025-09-25T14:35:42.612Z
O_80_Pist_Fwd;true;2025-09-25T14:35:43.208Z
F_82_Pist_Adv;false;2025-09-25T14:35:43.249Z
F_82_Arm_2_Mag;true;2025-09-25T14:35:43.250Z
O_80_Pist_Fwd;false;2025-09-25T14:35:43.310Z
O_80_Pist_Back;true;2025-09-25T14:35:43.344Z
O_70_SStation;false;2025-09-25T14:35:44.602Z
O_80_Arm_Del;false;2025-09-25T14:35:44.808Z
O_80_Arm_Mag;true;2025-09-25T14:35:45.467Z
F_82_Suction_On;true;2025-09-25T14:35:45.505Z
F_82_Arm_2_Mag;false;2025-09-25T14:35:45.505Z
O_80_Part_Stuck;true;2025-09-25T14:35:45.597Z
F_82_Arm_2_Del;true;2025-09-25T14:35:45.627Z
O_80_Arm_Mag;false;2025-09-25T14:35:46.970Z
O_80_Arm_Del;true;2025-09-25T14:35:48.885Z
F_82_Suction_On;false;2025-09-25T14:35:48.938Z
F_82_Suction_Off;true;2025-09-25T14:35:48.938Z
F_82_Arm_2_Del;false;2025-09-25T14:35:48.938Z
O_70_SInductive;true;2025-09-25T14:35:49.046Z
O_70_SStation;true;2025-09-25T14:35:49.085Z
O_70_SPart;true;2025-09-25T14:35:49.168Z
C_75_RQ_Wrong;false;2025-09-25T14:35:49.168Z
O_80_Part_Stuck;false;2025-09-25T14:35:49.168Z
F_82_Suction_Off;false;2025-09-25T14:35:49.168Z
F_82_Arm_2_Mag;true;2025-09-25T14:35:49.168Z
F_83_Led_Extra1;true;2025-09-25T14:35:49.168Z
C_85_Part_Del;true;2025-09-25T14:35:49.168Z
O_70_SStation;false;2025-09-25T14:35:50.186Z
O_80_Arm_Del;false;2025-09-25T14:35:50.341Z
F_72_Elev_Up;true;2025-09-25T14:35:51.013Z
O_80_Arm_Mag;true;2025-09-25T14:35:51.052Z
F_82_Arm_2_Mag;false;2025-09-25T14:35:51.052Z
O_70_Elev_Low;false;2025-09-25T14:35:51.822Z
O_70_SInductive;false;2025-09-25T14:35:52.078Z
O_70_SStation;true;2025-09-25T14:35:52.294Z
O_70_SStation;false;2025-09-25T14:35:52.602Z
F_83_Led_Extra1;false;2025-09-25T14:35:52.921Z
C_85_Part_Del;false;2025-09-25T14:35:52.951Z
O_70_SPart_Height;true;2025-09-25T14:35:53.993Z
O_70_Elev_High;true;2025-09-25T14:35:54.170Z
F_72_Elev_Down;true;2025-09-25T14:35:56.133Z
F_72_Elev_Up;false;2025-09-25T14:35:56.163Z
O_70_SPart_Height;false;2025-09-25T14:35:56.259Z
O_70_Elev_High;false;2025-09-25T14:35:56.289Z
O_70_SStation;true;2025-09-25T14:35:58.116Z
O_70_SStation;false;2025-09-25T14:35:58.543Z
O_70_SInductive;true;2025-09-25T14:35:58.759Z
O_70_Elev_Low;true;2025-09-25T14:35:59.081Z
F_72_Elev_Down;false;2025-09-25T14:35:59.120Z
F_72_Eject_Part;true;2025-09-25T14:35:59.120Z
O_70_Pist_Back;false;2025-09-25T14:35:59.183Z
O_70_SInductive;false;2025-09-25T14:35:59.223Z
O_70_SPart;false;2025-09-25T14:35:59.253Z
F_72_Eject_Part;false;2025-09-25T14:36:01.039Z
O_70_Pist_Back;true;2025-09-25T14:36:01.416Z
C_75_RQ_Wrong;true;2025-09-25T14:36:01.454Z
F_82_Arm_2_Del;true;2025-09-25T14:36:01.455Z
O_80_Arm_Mag;false;2025-09-25T14:36:02.950Z
O_70_SStation;true;2025-09-25T14:36:04.752Z
O_80_Arm_Del;true;2025-09-25T14:36:04.798Z
F_82_Pist_Adv;true;2025-09-25T14:36:04.798Z
F_82_Arm_2_Del;false;2025-09-25T14:36:04.798Z
O_80_Pist_Back;false;2025-09-25T14:36:05.088Z
O_80_Mag_Empty;true;2025-09-25T14:36:05.294Z
O_80_Mag_Empty;false;2025-09-25T14:36:05.401Z
F_82_Pist_Adv;false;2025-09-25T14:36:05.678Z
F_82_Arm_2_Mag;true;2025-09-25T14:36:05.708Z
O_80_Pist_Back;true;2025-09-25T14:36:05.797Z
O_70_SStation;false;2025-09-25T14:36:07.045Z
O_80_Arm_Del;false;2025-09-25T14:36:07.255Z
O_80_Arm_Mag;true;2025-09-25T14:36:07.979Z
F_82_Suction_On;true;2025-09-25T14:36:08.017Z
F_82_Arm_2_Mag;false;2025-09-25T14:36:08.017Z
O_80_Part_Stuck;true;2025-09-25T14:36:08.114Z
F_82_Arm_2_Del;true;2025-09-25T14:36:08.144Z
O_80_Arm_Mag;false;2025-09-25T14:36:09.443Z
O_70_SStation;true;2025-09-25T14:36:11.374Z
O_80_Arm_Del;true;2025-09-25T14:36:11.433Z
F_82_Suction_On;false;2025-09-25T14:36:11.433Z
F_82_Suction_Off;true;2025-09-25T14:36:11.433Z
F_82_Arm_2_Del;false;2025-09-25T14:36:11.433Z
O_70_SPart;true;2025-09-25T14:36:11.558Z
C_75_ID_Delivery2;false;2025-09-25T14:36:11.644Z
C_75_RQ_Wrong;false;2025-09-25T14:36:11.644Z
O_80_Part_Stuck;false;2025-09-25T14:36:11.644Z
F_82_Suction_Off;false;2025-09-25T14:36:11.644Z
F_82_Arm_2_Mag;true;2025-09-25T14:36:11.644Z
F_83_Led_Extra1;true;2025-09-25T14:36:11.644Z
C_85_Part_Del;true;2025-09-25T14:36:11.644Z
O_70_SStation;false;2025-09-25T14:36:12.706Z
O_80_Arm_Del;false;2025-09-25T14:36:12.769Z
O_80_Mag_Full;true;2025-09-25T14:36:13.076Z
O_80_Mag_Full;false;2025-09-25T14:36:13.150Z
F_72_Elev_Up;true;2025-09-25T14:36:13.528Z
O_80_Arm_Mag;true;2025-09-25T14:36:13.566Z
F_82_Arm_2_Mag;false;2025-09-25T14:36:13.567Z
O_80_Mag_Full;true;2025-09-25T14:36:14.119Z
O_80_Mag_Full;false;2025-09-25T14:36:14.184Z
O_70_Elev_Low;false;2025-09-25T14:36:14.318Z
O_70_SInductive;true;2025-09-25T14:36:14.389Z
O_70_SInductive;false;2025-09-25T14:36:14.532Z
O_70_SStation;true;2025-09-25T14:36:14.749Z
O_70_SStation;false;2025-09-25T14:36:15.052Z
O_80_Mag_Full;true;2025-09-25T14:36:15.202Z
O_80_Mag_Full;false;2025-09-25T14:36:15.431Z
F_83_Led_Extra1;false;2025-09-25T14:36:15.470Z
C_85_Part_Del;false;2025-09-25T14:36:15.470Z
O_70_SPart_Height;true;2025-09-25T14:36:16.444Z
O_70_Elev_High;true;2025-09-25T14:36:17.095Z
C_75_ID_Delivery1;true;2025-09-25T14:36:17.136Z
C_75_ID_Delivery2;true;2025-09-25T14:36:17.136Z
O_80_Mag_Full;true;2025-09-25T14:36:17.633Z
O_80_Mag_Full;false;2025-09-25T14:36:17.779Z
O_80_Mag_Full;true;2025-09-25T14:36:18.608Z
O_80_Mag_Full;false;2025-09-25T14:36:18.681Z
F_72_Eject_Part;true;2025-09-25T14:36:19.069Z
F_72_Air_On;true;2025-09-25T14:36:19.100Z
O_70_SPart_Height;false;2025-09-25T14:36:19.143Z
O_70_Pist_Back;false;2025-09-25T14:36:19.182Z
F_72_Elev_Up;false;2025-09-25T14:36:19.182Z
O_70_SPart;false;2025-09-25T14:36:19.244Z
O_70_SPart_Height;true;2025-09-25T14:36:19.342Z
O_70_SPart_Height;false;2025-09-25T14:36:19.417Z
O_24_Optic;true;2025-09-25T14:36:20.285Z
F_72_Eject_Part;false;2025-09-25T14:36:20.349Z
F_72_Air_On;false;2025-09-25T14:36:20.350Z
F_73_Led_Extra2;true;2025-09-25T14:36:20.350Z
A_74_Cart_Full;true;2025-09-25T14:36:20.350Z
A_74_Optic;true;2025-09-25T14:36:20.350Z
O_70_SPart_Height;true;2025-09-25T14:36:20.475Z
O_70_SPart_Height;false;2025-09-25T14:36:20.582Z
O_70_Pist_Back;true;2025-09-25T14:36:20.640Z
F_72_Elev_Down;true;2025-09-25T14:36:20.670Z
O_70_Elev_High;false;2025-09-25T14:36:20.705Z
O_70_SStation;true;2025-09-25T14:36:21.737Z
O_70_SStation;false;2025-09-25T14:36:21.942Z
O_70_SInductive;true;2025-09-25T14:36:22.381Z
O_70_SInductive;false;2025-09-25T14:36:22.483Z
O_70_Elev_Low;true;2025-09-25T14:36:22.648Z
F_72_Elev_Down;false;2025-09-25T14:36:22.695Z
A_74_CRoute_Out;true;2025-09-25T14:36:22.695Z
C_75_RQ_Part_Del;true;2025-09-25T14:36:22.695Z
C_25_Request;true;2025-09-25T14:36:22.784Z
F_22_Conveyor;true;2025-09-25T14:36:22.932Z
F_24_Release_FB;true;2025-09-25T14:36:22.979Z
C_25_Request;true;2025-09-25T14:36:22.979Z
A_74_Release_FB;true;2025-09-25T14:36:22.979Z
O_24_Pist_Bck;true;2025-09-25T14:36:23.077Z
A_73_TestCartID;0;2025-09-25T14:36:23.116Z
A_74_Pist_Bck;true;2025-09-25T14:36:23.116Z
O_24_Optic;false;2025-09-25T14:36:24.207Z
F_73_Led_Extra2;false;2025-09-25T14:36:24.207Z
A_74_Cart_Full;false;2025-09-25T14:36:24.207Z
A_74_Optic;false;2025-09-25T14:36:24.207Z
A_74_CRoute_Out;false;2025-09-25T14:36:24.600Z
C_25_Request;false;2025-09-25T14:36:24.783Z
C_25_Request;false;2025-09-25T14:36:24.961Z
O_24_Cart_Stat;false;2025-09-25T14:36:25.393Z
F_73_Led_Extra1;true;2025-09-25T14:36:25.439Z
A_74_No_Cart;true;2025-09-25T14:36:25.439Z
A_74_Cart_Stat;false;2025-09-25T14:36:25.439Z
O_80_Mag_Full;true;2025-09-25T14:36:25.574Z
O_80_Mag_Full;false;2025-09-25T14:36:25.622Z
O_80_Mag_Full;true;2025-09-25T14:36:26.336Z
O_80_Mag_Full;false;2025-09-25T14:36:26.392Z
O_80_Mag_Full;true;2025-09-25T14:36:27.051Z
O_80_Mag_Full;false;2025-09-25T14:36:27.104Z
O_24_Cart_Next;true;2025-09-25T14:36:31.047Z
F_24_Release_FB;false;2025-09-25T14:36:31.094Z
A_74_Cart_Next;true;2025-09-25T14:36:31.094Z
A_74_Release_FB;false;2025-09-25T14:36:31.095Z
O_24_Pist_Bck;false;2025-09-25T14:36:31.194Z
A_74_Pist_Bck;false;2025-09-25T14:36:31.226Z
A_93_ProcCartID;1;2025-09-25T14:36:31.812Z
A_94_Count;true;2025-09-25T14:36:31.846Z
A_94_Count;false;2025-09-25T14:36:31.881Z
A_93_ProcCartID;2;2025-09-25T14:36:31.933Z
O_24_Cart_Next;false;2025-09-25T14:36:31.990Z
A_74_Cart_Next;false;2025-09-25T14:36:32.021Z
O_25_Optic;true;2025-09-25T14:36:32.769Z
A_94_Optic;true;2025-09-25T14:36:32.799Z
F_22_Conveyor;false;2025-09-25T14:36:32.965Z
O_25_Cart_Stat;true;2025-09-25T14:36:33.041Z
F_93_Led_Extra1;false;2025-09-25T14:36:33.041Z
A_94_No_Cart;false;2025-09-25T14:36:33.041Z
A_94_Cart_Full;true;2025-09-25T14:36:33.041Z
C_25_CartDel;true;2025-09-25T14:36:33.041Z
A_94_Cart_Stat;true;2025-09-25T14:36:33.041Z
A_94_CRoute_In;true;2025-09-25T14:36:33.203Z
F_92_Claw_Down;true;2025-09-25T14:36:33.383Z
C_95_PD_Cart;false;2025-09-25T14:36:33.422Z
A_94_CRoute_In;true;2025-09-25T14:36:33.422Z
O_90_Claw_High;false;2025-09-25T14:36:33.527Z
O_90_Part_in_Claw;true;2025-09-25T14:36:34.073Z
O_90_Claw_Low;true;2025-09-25T14:36:34.134Z
F_92_Claw_Down;false;2025-09-25T14:36:34.173Z
F_92_Close_Claw;true;2025-09-25T14:36:34.173Z
O_90_Claw_Low;false;2025-09-25T14:36:34.370Z
A_94_Optic;false;2025-09-25T14:36:34.541Z
O_25_Optic;false;2025-09-25T14:36:34.604Z
A_94_Cart_Full;false;2025-09-25T14:36:34.638Z
A_94_CRoute_In;false;2025-09-25T14:36:35.075Z
O_90_Claw_High;true;2025-09-25T14:36:35.229Z
F_92_Claw_2_Del;true;2025-09-25T14:36:35.264Z
A_94_CRoute_In;false;2025-09-25T14:36:35.264Z
O_90_Claw_Cart;false;2025-09-25T14:36:35.642Z
C_25_CartDel;false;2025-09-25T14:36:35.955Z
O_90_Claw_Reserve;true;2025-09-25T14:36:37.002Z
O_90_Claw_Reserve;false;2025-09-25T14:36:37.075Z
O_90_Claw_Del;true;2025-09-25T14:36:38.886Z
F_92_Claw_2_Del;false;2025-09-25T14:36:38.926Z
F_92_Claw_Down;true;2025-09-25T14:36:38.926Z
O_90_Claw_High;false;2025-09-25T14:36:38.986Z
O_90_Claw_Low;true;2025-09-25T14:36:39.654Z
F_92_Claw_Down;false;2025-09-25T14:36:39.694Z
F_92_Close_Claw;false;2025-09-25T14:36:39.694Z
O_100_PInit_Pos;true;2025-09-25T14:36:39.756Z
O_90_Claw_Low;false;2025-09-25T14:36:39.889Z
O_90_Part_in_Claw;false;2025-09-25T14:36:39.940Z
O_90_Claw_High;true;2025-09-25T14:36:40.700Z
C_95_PD_Proc;true;2025-09-25T14:36:40.747Z
F_102_RT_On;true;2025-09-25T14:36:40.747Z
C_105_Test_Ok;false;2025-09-25T14:36:40.747Z
O_100_PTest_Pos;true;2025-09-25T14:36:40.838Z
O_100_RT_Sensor;false;2025-09-25T14:36:40.870Z
O_100_PDrill_Pos;true;2025-09-25T14:36:40.901Z
O_100_PInit_Pos;false;2025-09-25T14:36:41.066Z
O_100_PDrill_Pos;false;2025-09-25T14:36:41.108Z
O_100_PTest_Pos;false;2025-09-25T14:36:41.108Z
O_100_PInit_Pos;true;2025-09-25T14:36:41.515Z
O_100_PTest_Pos;true;2025-09-25T14:36:41.548Z
O_100_PDrill_Pos;true;2025-09-25T14:36:41.583Z
O_100_RT_Sensor;true;2025-09-25T14:36:41.764Z
O_100_PInit_Pos;false;2025-09-25T14:36:41.828Z
O_100_PDrill_Pos;false;2025-09-25T14:36:41.868Z
O_100_PTest_Pos;false;2025-09-25T14:36:41.868Z
O_100_PInit_Pos;true;2025-09-25T14:36:41.941Z
O_100_PDrill_Pos;true;2025-09-25T14:36:41.984Z
O_100_PTest_Pos;true;2025-09-25T14:36:41.984Z
O_100_RT_Sensor;false;2025-09-25T14:36:41.984Z
O_100_PInit_Pos;false;2025-09-25T14:36:42.181Z
O_100_PDrill_Pos;false;2025-09-25T14:36:42.219Z
O_100_PTest_Pos;false;2025-09-25T14:36:42.219Z
O_100_PInit_Pos;true;2025-09-25T14:36:42.625Z
O_100_PDrill_Pos;true;2025-09-25T14:36:42.664Z
O_100_PTest_Pos;true;2025-09-25T14:36:42.664Z
O_100_PInit_Pos;false;2025-09-25T14:36:42.869Z
O_100_RT_Sensor;true;2025-09-25T14:36:42.900Z
O_100_PDrill_Pos;false;2025-09-25T14:36:42.941Z
O_100_PTest_Pos;false;2025-09-25T14:36:42.973Z
O_100_PInit_Pos;true;2025-09-25T14:36:43.025Z
O_100_PDrill_Pos;true;2025-09-25T14:36:43.067Z
O_100_PTest_Pos;true;2025-09-25T14:36:43.067Z
O_100_RT_Sensor;false;2025-09-25T14:36:43.067Z
O_100_PInit_Pos;false;2025-09-25T14:36:43.303Z
O_100_PDrill_Pos;false;2025-09-25T14:36:43.378Z
O_100_PTest_Pos;false;2025-09-25T14:36:43.378Z
O_100_PInit_Pos;true;2025-09-25T14:36:43.711Z
O_100_PDrill_Pos;true;2025-09-25T14:36:43.749Z
O_100_PTest_Pos;true;2025-09-25T14:36:43.749Z
O_100_RT_Sensor;true;2025-09-25T14:36:43.947Z
O_100_PInit_Pos;false;2025-09-25T14:36:44.012Z
O_100_PDrill_Pos;false;2025-09-25T14:36:44.052Z
O_100_PTest_Pos;false;2025-09-25T14:36:44.052Z
O_100_PInit_Pos;true;2025-09-25T14:36:44.128Z
O_100_PDrill_Pos;true;2025-09-25T14:36:44.170Z
O_100_PTest_Pos;true;2025-09-25T14:36:44.170Z
O_100_RT_Sensor;false;2025-09-25T14:36:44.170Z
O_100_PInit_Pos;false;2025-09-25T14:36:44.363Z
O_100_PTest_Pos;false;2025-09-25T14:36:44.393Z
O_100_PDrill_Pos;false;2025-09-25T14:36:44.428Z
O_100_PInit_Pos;true;2025-09-25T14:36:44.887Z
O_100_PTest_Pos;true;2025-09-25T14:36:44.918Z
O_100_PDrill_Pos;true;2025-09-25T14:36:44.952Z
O_100_RT_Sensor;true;2025-09-25T14:36:45.171Z
F_102_RT_On;false;2025-09-25T14:36:45.211Z
F_102_Test_Pin;true;2025-09-25T14:36:45.211Z
O_100_PInit_Pos;false;2025-09-25T14:36:45.277Z
O_100_PTest_Ok;true;2025-09-25T14:36:45.307Z
O_100_PDrill_Pos;false;2025-09-25T14:36:45.345Z
F_102_RT_On;true;2025-09-25T14:36:46.188Z
F_102_Test_Pin;false;2025-09-25T14:36:46.227Z
C_105_Test_Ok;true;2025-09-25T14:36:46.227Z
O_100_PTest_Ok;false;2025-09-25T14:36:46.289Z
O_100_PInit_Pos;true;2025-09-25T14:36:46.332Z
O_100_PDrill_Pos;true;2025-09-25T14:36:46.370Z
O_100_RT_Sensor;false;2025-09-25T14:36:46.370Z
O_100_PInit_Pos;false;2025-09-25T14:36:46.618Z
O_100_PDrill_Pos;false;2025-09-25T14:36:46.657Z
O_100_PTest_Pos;false;2025-09-25T14:36:46.657Z
O_100_PInit_Pos;true;2025-09-25T14:36:47.072Z
O_100_PTest_Pos;true;2025-09-25T14:36:47.103Z
O_100_PDrill_Pos;true;2025-09-25T14:36:47.137Z
O_100_RT_Sensor;true;2025-09-25T14:36:47.368Z
F_102_RT_On;false;2025-09-25T14:36:47.423Z
F_102_Drill_Down;true;2025-09-25T14:36:47.423Z
F_102_Drill_Pin;true;2025-09-25T14:36:47.423Z
C_105_Test_Ok;false;2025-09-25T14:36:47.423Z
O_100_PInit_Pos;false;2025-09-25T14:36:47.535Z
O_100_PTest_Pos;false;2025-09-25T14:36:47.576Z
O_100_PDrill_Pos;false;2025-09-25T14:36:47.576Z
O_100_SDrill_Low;true;2025-09-25T14:36:47.639Z
F_102_Drill_On;true;2025-09-25T14:36:47.668Z
O_100_SDrill_Low;false;2025-09-25T14:36:49.585Z
F_102_Drill_On;false;2025-09-25T14:36:49.635Z
F_102_Drill_Down;false;2025-09-25T14:36:49.635Z
F_102_Drill_Up;true;2025-09-25T14:36:49.635Z
O_100_PDrill_Pos;true;2025-09-25T14:36:49.876Z
F_102_RT_On;true;2025-09-25T14:36:49.925Z
F_102_Drill_Up;false;2025-09-25T14:36:49.925Z
F_102_Drill_Pin;false;2025-09-25T14:36:49.925Z
O_100_PInit_Pos;true;2025-09-25T14:36:50.028Z
O_100_PTest_Pos;true;2025-09-25T14:36:50.066Z
O_100_RT_Sensor;false;2025-09-25T14:36:50.066Z
O_100_PInit_Pos;false;2025-09-25T14:36:50.256Z
O_100_PDrill_Pos;false;2025-09-25T14:36:50.313Z
O_100_PTest_Pos;false;2025-09-25T14:36:50.343Z
O_100_PInit_Pos;true;2025-09-25T14:36:50.748Z
O_100_PDrill_Pos;true;2025-09-25T14:36:50.787Z
O_100_PTest_Pos;true;2025-09-25T14:36:50.787Z
F_92_Claw_Down;true;2025-09-25T14:36:51.013Z
C_95_PD_Proc;false;2025-09-25T14:36:51.076Z
O_100_RT_Sensor;true;2025-09-25T14:36:51.076Z
F_102_RT_On;false;2025-09-25T14:36:51.076Z
F_103_Led_Extra1;true;2025-09-25T14:36:51.076Z
C_105_Part_ready;true;2025-09-25T14:36:51.076Z
O_100_PDrill_Pos;false;2025-09-25T14:36:51.240Z
O_100_PTest_Pos;false;2025-09-25T14:36:51.271Z
O_90_Claw_High;false;2025-09-25T14:36:51.307Z
O_90_Claw_Low;true;2025-09-25T14:36:51.768Z
O_90_Part_in_Claw;true;2025-09-25T14:36:51.815Z
F_92_Claw_Down;false;2025-09-25T14:36:51.815Z
F_92_Close_Claw;true;2025-09-25T14:36:51.815Z
F_103_Led_Extra1;false;2025-09-25T14:36:51.901Z
C_105_Part_ready;false;2025-09-25T14:36:51.931Z
O_90_Claw_Low;false;2025-09-25T14:36:52.034Z
O_100_PInit_Pos;false;2025-09-25T14:36:52.064Z
O_90_Claw_High;true;2025-09-25T14:36:52.777Z
F_92_Claw_2_Cart;true;2025-09-25T14:36:52.807Z
O_90_Claw_Del;false;2025-09-25T14:36:53.117Z
O_90_Claw_Reserve;true;2025-09-25T14:36:54.501Z
O_90_Claw_Reserve;false;2025-09-25T14:36:54.551Z
O_90_Claw_Cart;true;2025-09-25T14:36:55.421Z
F_92_Claw_2_Cart;false;2025-09-25T14:36:55.460Z
F_92_Claw_Down;true;2025-09-25T14:36:55.460Z
O_90_Claw_High;false;2025-09-25T14:36:55.520Z
O_25_Optic;true;2025-09-25T14:36:55.990Z
A_94_Cart_Full;true;2025-09-25T14:36:56.029Z
A_94_Optic;true;2025-09-25T14:36:56.029Z
O_90_Claw_Low;true;2025-09-25T14:36:56.132Z
F_92_Claw_Down;false;2025-09-25T14:36:56.171Z
F_92_Close_Claw;false;2025-09-25T14:36:56.171Z
O_90_Claw_Low;false;2025-09-25T14:36:56.359Z
O_90_Part_in_Claw;false;2025-09-25T14:36:56.462Z
O_90_Claw_High;true;2025-09-25T14:36:57.172Z
A_94_CRoute_Out;true;2025-09-25T14:36:57.211Z
C_95_PD_Cart;true;2025-09-25T14:36:57.211Z
C_26_Request;true;2025-09-25T14:36:57.278Z
F_22_Conveyor;true;2025-09-25T14:36:57.470Z
F_25_Release_FB;true;2025-09-25T14:36:57.516Z
C_26_Request;true;2025-09-25T14:36:57.517Z
A_94_Release_FB;true;2025-09-25T14:36:57.517Z
O_25_Pist_Bck;true;2025-09-25T14:36:57.612Z
A_93_ProcCartID;0;2025-09-25T14:36:57.652Z
A_94_Pist_Bck;true;2025-09-25T14:36:57.652Z
O_25_Optic;false;2025-09-25T14:36:58.676Z
A_94_Cart_Full;false;2025-09-25T14:36:58.715Z
A_94_Optic;false;2025-09-25T14:36:58.715Z
A_94_CRoute_Out;false;2025-09-25T14:36:59.157Z
C_26_Request;false;2025-09-25T14:36:59.275Z
C_26_Request;false;2025-09-25T14:36:59.446Z
O_25_Cart_Stat;false;2025-09-25T14:36:59.872Z
F_93_Led_Extra1;true;2025-09-25T14:36:59.919Z
A_94_No_Cart;true;2025-09-25T14:36:59.919Z
A_94_Cart_Stat;false;2025-09-25T14:36:59.919Z
O_25_Cart_Next;true;2025-09-25T14:37:06.108Z
O_25_Pist_Bck;false;2025-09-25T14:37:06.173Z
F_25_Release_FB;false;2025-09-25T14:37:06.173Z
A_94_Cart_Next;true;2025-09-25T14:37:06.173Z
A_94_Pist_Bck;false;2025-09-25T14:37:06.173Z
A_94_Release_FB;false;2025-09-25T14:37:06.173Z
O_25_Count;true;2025-09-25T14:37:06.790Z
O_25_Count;false;2025-09-25T14:37:06.935Z
O_25_Cart_Next;false;2025-09-25T14:37:07.091Z
A_94_Cart_Next;false;2025-09-25T14:37:07.118Z
O_26_Optic;true;2025-09-25T14:37:07.704Z
F_22_Conveyor;false;2025-09-25T14:37:07.861Z
O_26_Cart_Stat;true;2025-09-25T14:37:07.901Z
C_26_CartDel;true;2025-09-25T14:37:07.901Z
C_26_CartDel;false;2025-09-25T14:37:10.831Z
C_27_Request;true;2025-09-25T14:37:12.967Z
F_22_Conveyor;true;2025-09-25T14:37:13.219Z
F_26_Release_FB;true;2025-09-25T14:37:13.261Z
C_27_Request;true;2025-09-25T14:37:13.261Z
O_26_Pist_Bck;true;2025-09-25T14:37:13.495Z
O_26_Optic;false;2025-09-25T14:37:14.310Z
C_27_Request;false;2025-09-25T14:37:14.940Z
C_27_Request;false;2025-09-25T14:37:15.098Z
O_26_Cart_Stat;false;2025-09-25T14:37:15.525Z
O_26_Cart_Next;true;2025-09-25T14:37:21.248Z
F_26_Release_FB;false;2025-09-25T14:37:21.279Z
O_26_Pist_Bck;false;2025-09-25T14:37:21.317Z
O_27_Count;true;2025-09-25T14:37:22.573Z
A_32_RoboCartID;1;2025-09-25T14:37:22.613Z
A_34_Count;true;2025-09-25T14:37:22.613Z
O_27_Count;false;2025-09-25T14:37:22.683Z
A_34_Count;false;2025-09-25T14:37:22.713Z
O_26_Cart_Next;false;2025-09-25T14:37:22.769Z
O_27_Count;true;2025-09-25T14:37:22.814Z
A_32_RoboCartID;2;2025-09-25T14:37:22.815Z
A_34_Count;true;2025-09-25T14:37:22.815Z
O_27_Count;false;2025-09-25T14:37:22.911Z
A_34_Count;false;2025-09-25T14:37:22.943Z
O_27_Optic;true;2025-09-25T14:37:23.515Z
A_34_Optic;true;2025-09-25T14:37:23.546Z
O_27_Cart_Stat;true;2025-09-25T14:37:23.664Z
A_34_No_Cart;false;2025-09-25T14:37:23.724Z
A_34_Cart_Full;true;2025-09-25T14:37:23.724Z
C_27_CartDel;true;2025-09-25T14:37:23.724Z
A_34_Cart_Stat;true;2025-09-25T14:37:23.724Z
F_22_Conveyor;false;2025-09-25T14:37:23.841Z
F_33_Led_Extra1;false;2025-09-25T14:37:23.874Z
F_33_Led_Extra2;true;2025-09-25T14:37:23.946Z
A_34_CRoute_In;true;2025-09-25T14:37:23.946Z
A_34_CRoute_In;true;2025-09-25T14:37:24.169Z
A_34_CRoute_In;false;2025-09-25T14:37:25.702Z
A_34_CRoute_Out;true;2025-09-25T14:37:25.926Z
A_34_CRoute_In;false;2025-09-25T14:37:25.965Z
C_35_Part_Del;true;2025-09-25T14:37:25.965Z
C_28_Request;true;2025-09-25T14:37:26.030Z
F_22_Conveyor;true;2025-09-25T14:37:26.207Z
F_27_Release_FB;true;2025-09-25T14:37:26.254Z
C_28_Request;true;2025-09-25T14:37:26.254Z
A_34_Release_FB;true;2025-09-25T14:37:26.254Z
A_32_RoboCartID;0;2025-09-25T14:37:26.373Z
A_34_Pist_Bck;true;2025-09-25T14:37:26.399Z
O_27_Pist_Bck;true;2025-09-25T14:37:26.471Z
C_27_CartDel;false;2025-09-25T14:37:26.678Z
O_27_Optic;false;2025-09-25T14:37:27.278Z
A_34_Cart_Full;false;2025-09-25T14:37:27.326Z
F_33_Led_Extra2;false;2025-09-25T14:37:27.326Z
A_34_Optic;false;2025-09-25T14:37:27.326Z
A_34_CRoute_Out;false;2025-09-25T14:37:27.856Z
C_35_Part_Del;false;2025-09-25T14:37:27.884Z
C_28_Request;false;2025-09-25T14:37:28.029Z
C_28_Request;false;2025-09-25T14:37:28.184Z
O_27_Cart_Stat;false;2025-09-25T14:37:28.504Z
A_34_No_Cart;true;2025-09-25T14:37:28.551Z
F_33_Led_Extra1;true;2025-09-25T14:37:28.551Z
A_34_Cart_Stat;false;2025-09-25T14:37:28.551Z
O_27_Cart_Next;true;2025-09-25T14:37:32.650Z
O_27_Pist_Bck;false;2025-09-25T14:37:32.714Z
F_27_Release_FB;false;2025-09-25T14:37:32.714Z
A_34_Cart_Next;true;2025-09-25T14:37:32.714Z
A_34_Pist_Bck;false;2025-09-25T14:37:32.714Z
A_34_Release_FB;false;2025-09-25T14:37:32.714Z
O_27_Cart_Next;false;2025-09-25T14:37:33.677Z
A_34_Cart_Next;false;2025-09-25T14:37:33.708Z
A_43_StorCartID;1;2025-09-25T14:37:33.764Z
O_28_Count;true;2025-09-25T14:37:33.820Z
A_43_StorCartID;2;2025-09-25T14:37:33.860Z
A_44_Count;true;2025-09-25T14:37:33.860Z
O_28_Count;false;2025-09-25T14:37:33.934Z
A_44_Count;false;2025-09-25T14:37:33.961Z
O_28_Optic;true;2025-09-25T14:37:34.730Z
A_44_Optic;true;2025-09-25T14:37:34.764Z
F_22_Conveyor;false;2025-09-25T14:37:34.932Z
O_28_Cart_Stat;true;2025-09-25T14:37:35.016Z
F_43_Led_Extra1;false;2025-09-25T14:37:35.016Z
F_43_Led_Extra2;true;2025-09-25T14:37:35.016Z
A_44_No_Cart;false;2025-09-25T14:37:35.016Z
A_44_Cart_Full;true;2025-09-25T14:37:35.016Z
C_28_CartDel;true;2025-09-25T14:37:35.016Z
A_44_Cart_Stat;true;2025-09-25T14:37:35.016Z
A_44_CRoute_In;true;2025-09-25T14:37:35.195Z
A_44_CRoute_In;true;2025-09-25T14:37:35.332Z
A_44_CRoute_In;false;2025-09-25T14:37:37.051Z
A_44_CRoute_In;false;2025-09-25T14:37:37.208Z
C_28_CartDel;false;2025-09-25T14:37:37.916Z
A_44_CRoute_Out;true;2025-09-25T14:37:40.330Z
C_29_Request;true;2025-09-25T14:37:40.373Z
F_22_Conveyor;true;2025-09-25T14:37:40.563Z
F_28_Release_FB;true;2025-09-25T14:37:40.608Z
C_29_Request;true;2025-09-25T14:37:40.608Z
A_44_Release_FB;true;2025-09-25T14:37:40.608Z
O_28_Pist_Bck;true;2025-09-25T14:37:40.711Z
A_43_StorCartID;0;2025-09-25T14:37:40.750Z
A_44_Pist_Bck;true;2025-09-25T14:37:40.750Z
O_28_Optic;false;2025-09-25T14:37:41.468Z
F_43_Led_Extra2;false;2025-09-25T14:37:41.519Z
A_44_Cart_Full;false;2025-09-25T14:37:41.519Z
A_44_Optic;false;2025-09-25T14:37:41.519Z
A_44_CRoute_Out;false;2025-09-25T14:37:42.324Z
C_29_Request;false;2025-09-25T14:37:42.374Z
C_29_Request;false;2025-09-25T14:37:42.521Z
O_28_Cart_Stat;false;2025-09-25T14:37:42.832Z
F_43_Led_Extra1;true;2025-09-25T14:37:42.880Z
A_44_No_Cart;true;2025-09-25T14:37:42.880Z
A_44_Cart_Stat;false;2025-09-25T14:37:42.880Z
O_28_Cart_Next;true;2025-09-25T14:37:50.356Z
F_28_Release_FB;false;2025-09-25T14:37:50.405Z
A_44_Cart_Next;true;2025-09-25T14:37:50.405Z
A_44_Release_FB;false;2025-09-25T14:37:50.405Z
O_28_Pist_Bck;false;2025-09-25T14:37:50.504Z
A_44_Pist_Bck;false;2025-09-25T14:37:50.538Z
O_28_Cart_Next;false;2025-09-25T14:37:50.578Z
A_44_Cart_Next;false;2025-09-25T14:37:50.610Z
O_28_Cart_Next;true;2025-09-25T14:37:50.705Z
A_44_Cart_Next;true;2025-09-25T14:37:50.736Z
O_29_Count;true;2025-09-25T14:37:50.882Z
A_53_SortCartID;1;2025-09-25T14:37:50.922Z
A_54_Count;true;2025-09-25T14:37:50.922Z
O_29_Count;false;2025-09-25T14:37:50.993Z
A_54_Count;false;2025-09-25T14:37:51.020Z
A_53_SortCartID;2;2025-09-25T14:37:51.066Z
O_28_Cart_Next;false;2025-09-25T14:37:51.324Z
A_44_Cart_Next;false;2025-09-25T14:37:51.355Z
O_29_Optic;true;2025-09-25T14:37:51.806Z
A_54_Optic;true;2025-09-25T14:37:51.837Z
F_22_Conveyor;false;2025-09-25T14:37:52.106Z
O_29_Cart_Stat;true;2025-09-25T14:37:52.188Z
F_53_Led_Extra1;false;2025-09-25T14:37:52.189Z
F_53_Led_Extra2;true;2025-09-25T14:37:52.189Z
A_54_No_Cart;false;2025-09-25T14:37:52.189Z
A_54_Cart_Full;true;2025-09-25T14:37:52.189Z
C_29_CartDel;true;2025-09-25T14:37:52.189Z
A_54_Cart_Stat;true;2025-09-25T14:37:52.189Z
A_54_CRoute_In;true;2025-09-25T14:37:52.368Z
F_52_Claw_Down;true;2025-09-25T14:37:52.516Z
C_55_PD_Proc;false;2025-09-25T14:37:52.554Z
A_54_CRoute_In;true;2025-09-25T14:37:52.554Z
O_50_Claw_High;false;2025-09-25T14:37:52.622Z
O_50_Part_in_Claw;true;2025-09-25T14:37:53.399Z
O_50_Claw_Low;true;2025-09-25T14:37:53.462Z
F_52_Claw_Down;false;2025-09-25T14:37:53.501Z
F_52_Close_Claw;true;2025-09-25T14:37:53.501Z
O_50_Claw_Low;false;2025-09-25T14:37:53.737Z
O_29_Optic;false;2025-09-25T14:37:54.033Z
F_53_Led_Extra2;false;2025-09-25T14:37:54.094Z
A_54_Cart_Full;false;2025-09-25T14:37:54.094Z
A_54_Optic;false;2025-09-25T14:37:54.094Z
A_54_CRoute_In;false;2025-09-25T14:37:54.223Z
A_54_CRoute_In;false;2025-09-25T14:37:54.387Z
O_50_Claw_High;true;2025-09-25T14:37:54.916Z
F_52_Claw_2_Del;true;2025-09-25T14:37:54.947Z
C_29_CartDel;false;2025-09-25T14:37:55.055Z
O_50_Claw_Cart;false;2025-09-25T14:37:55.125Z
O_50_Claw_Reserve;true;2025-09-25T14:37:55.651Z
O_50_Claw_Reserve;false;2025-09-25T14:37:55.721Z
O_50_Claw_Del;true;2025-09-25T14:37:57.643Z
F_52_Claw_2_Del;false;2025-09-25T14:37:57.683Z
F_52_Claw_Down;true;2025-09-25T14:37:57.683Z
O_50_Claw_High;false;2025-09-25T14:37:57.749Z
O_50_Claw_Low;true;2025-09-25T14:37:58.637Z
F_52_Claw_Down;false;2025-09-25T14:37:58.687Z
F_52_Close_Claw;false;2025-09-25T14:37:58.687Z
O_60_SPart;true;2025-09-25T14:37:58.687Z
O_50_Part_in_Claw;false;2025-09-25T14:37:58.777Z
O_50_Claw_Low;false;2025-09-25T14:37:58.935Z
O_50_Claw_High;true;2025-09-25T14:38:00.013Z
F_52_Claw_2_Cart;true;2025-09-25T14:38:00.058Z
C_55_PD_Proc;true;2025-09-25T14:38:00.058Z
F_62_Conveyor;true;2025-09-25T14:38:00.133Z
C_65_ID_1;true;2025-09-25T14:38:00.169Z
C_65_ID_2;false;2025-09-25T14:38:00.169Z
O_60_SPhoto;true;2025-09-25T14:38:00.243Z
C_65_ID_2;true;2025-09-25T14:38:00.274Z
O_50_Claw_Del;false;2025-09-25T14:38:00.383Z
O_60_SPart;false;2025-09-25T14:38:00.410Z
O_50_Claw_Reserve;true;2025-09-25T14:38:01.808Z
O_50_Claw_Reserve;false;2025-09-25T14:38:01.867Z
F_62_P1;true;2025-09-25T14:38:02.007Z
O_60_SL1_Bck;false;2025-09-25T14:38:02.153Z
O_60_SL1_Fwd;true;2025-09-25T14:38:02.433Z
F_62_Identify;true;2025-09-25T14:38:02.461Z
O_60_SPhoto;false;2025-09-25T14:38:02.677Z
O_50_Claw_Cart;true;2025-09-25T14:38:03.215Z
F_52_Claw_2_Cart;false;2025-09-25T14:38:03.254Z
A_54_CRoute_Out;true;2025-09-25T14:38:03.255Z
O_60_Part_Pass;true;2025-09-25T14:38:04.419Z
F_62_Conveyor;false;2025-09-25T14:38:04.469Z
F_62_P1;false;2025-09-25T14:38:04.469Z
F_62_Identify;false;2025-09-25T14:38:04.469Z
O_60_Part_Pass;false;2025-09-25T14:38:04.575Z
O_60_SL1_Fwd;false;2025-09-25T14:38:04.622Z
F_63_Led_Extra1;true;2025-09-25T14:38:04.622Z
C_65_Part_Sorted;true;2025-09-25T14:38:04.622Z
O_60_SL1_Bck;true;2025-09-25T14:38:04.729Z
A_54_CRoute_Out;false;2025-09-25T14:38:05.173Z
F_63_Led_Extra1;false;2025-09-25T14:38:08.574Z
C_65_Part_Sorted;false;2025-09-25T14:38:08.605Z
