variableName;function;nameSpace;dataType;initialValue;address
O_20_On;On Button;Master[20];Boolean;false;root/stations/020-Master/$Sensors/...
O_20_Off;Off Button;Master[20];Boolean;false;root/stations/020-Master/$Sensors/...
O_20_Controler_On;Conveyor Controler On;Master[20];Boolean;false;root/stations/020-Master/$Sensors/...
I_20_Led_On;On LED;Master[20];Boolean;false;root/stations/020-Master/$Actuators/...
I_20_Led_Off;Off LED;Master[20];Boolean;false;root/stations/020-Master/$Actuators/...
I_20_Conveyor;Conveyor On;Master[20];Boolean;false;root/stations/020-Master/$Actuators/...
F_22_Led_On;On LED;Master[20];Boolean;false;root/stations/020-Master/$Feedback/...
F_22_Led_Off;Off LED;Master[20];Boolean;false;root/stations/020-Master/$Feedback/...
F_22_Conveyor;Conveyor On;Master[20];Boolean;false;root/stations/020-Master/$Feedback/...
SS_20_On;On Button;Master[20];Boolean;false;root/stations/020-Master/$Simulated/...
SS_20_Off;Off Button;Master[20];Boolean;false;root/stations/020-Master/$Simulated/...
SS_20_Controler_On;Conveyor Controler On;Master[20];Boolean;false;root/stations/020-Master/$Simulated/...
SA_20_Led_On;On LED;Master[20];Boolean;false;root/stations/020-Master/$Simulated/...
SA_20_Led_Off;Off LED;Master[20];Boolean;false;root/stations/020-Master/$Simulated/...
SA_20_Conveyor;Conveyor On;Master[20];Boolean;false;root/stations/020-Master/$Simulated/...
O_24_Cart_Stat;Cart in station;AS-IConveyorTest[20];Boolean;false;root/stations/020-Conveyor/Test/$Sensors/...
O_24_Cart_Next;Cart next station;AS-IConveyorTest[20];Boolean;false;root/stations/020-Conveyor/Test/$Sensors/...
O_24_Optic;Optic sensor;AS-IConveyorTest[20];Boolean;false;root/stations/020-Conveyor/Test/$Sensors/...
O_24_Count;Count identifier;AS-IConveyorTest[20];Boolean;false;root/stations/020-Conveyor/Test/$Sensors/...
O_24_Pist_Bck;Piston Back;AS-IConveyorTest[20];Boolean;false;root/stations/020-Conveyor/Test/$Sensors/...
I_24_Cart_Test;Release cart;AS-IConveyorTest[20];Boolean;false;root/stations/020-Conveyor/Test/$Actuators/...
F_24_Release_FB;Pin feedback;AS-IConveyorTest[20];Boolean;false;root/stations/020-Conveyor/Test/$Feedback/...
C_24_Request;Request cart;AS-IConveyorTest[20];Boolean;false;root/stations/020-Conveyor/Test/$Control/...
C_24_CartDel;Cart Delivered;AS-IConveyorTest[20];Boolean;false;root/stations/020-Conveyor/Test/$Control/...
SS_24_Cart_Stat;Cart in station;AS-IConveyorTest[20];Boolean;false;root/stations/020-Conveyor/Test/$Simulated/...
SS_24_Cart_Next;Cart next station;AS-IConveyorTest[20];Boolean;false;root/stations/020-Conveyor/Test/$Simulated/...
SS_24_Optic;Optic sensor;AS-IConveyorTest[20];Boolean;false;root/stations/020-Conveyor/Test/$Simulated/...
SS_24_Count;Count identifier;AS-IConveyorTest[20];Boolean;false;root/stations/020-Conveyor/Test/$Simulated/...
SS_24_Pist_Bck;Piston Back;AS-IConveyorTest[20];Boolean;false;root/stations/020-Conveyor/Test/$Simulated/...
SA_24_Cart_Test;Release cart - Testing;AS-IConveyorTest[20];Boolean;false;root/stations/020-Conveyor/Test/$Simulated/...
SC_24_Request;Request cart;AS-IConveyorTest[20];Boolean;false;root/stations/020-Conveyor/Test/$Simulated/...
SC_24_CartDel;Cart Delivered;AS-IConveyorTest[20];Boolean;false;root/stations/020-Conveyor/Test/$Simulated/...
O_25_Cart_Stat;Cart in station;AS-IConveyorProc[20];Boolean;false;root/stations/020-Conveyor/Processing/$Sensors/...
O_25_Cart_Next;Cart next station;AS-IConveyorProc[20];Boolean;false;root/stations/020-Conveyor/Processing/$Sensors/...
O_25_Optic;Optic sensor;AS-IConveyorProc[20];Boolean;false;root/stations/020-Conveyor/Processing/$Sensors/...
O_25_Count;Count identifier;AS-IConveyorProc[20];Boolean;false;root/stations/020-Conveyor/Processing/$Sensors/...
O_25_Pist_Bck;Piston Back;AS-IConveyorProc[20];Boolean;false;root/stations/020-Conveyor/Processing/$Sensors/...
I_25_Cart_Proc;Release cart;AS-IConveyorProc[20];Boolean;false;root/stations/020-Conveyor/Processing/$Actuators/...
F_25_Release_FB;Pin feedback;AS-IConveyorProc[20];Boolean;false;root/stations/020-Conveyor/Processing/$Feedback/...
C_25_Request;Request cart;AS-IConveyorProc[20];Boolean;false;root/stations/020-Conveyor/Processing/$Control/...
C_25_CartDel;Cart Delivered;AS-IConveyorProc[20];Boolean;false;root/stations/020-Conveyor/Processing/$Control/...
SS_25_Cart_Stat;Cart in station;AS-IConveyorTest[20];Boolean;false;root/stations/020-Conveyor/Processing/$Simulated/...
SS_25_Cart_Next;Cart next station;AS-IConveyorTest[20];Boolean;false;root/stations/020-Conveyor/Processing/$Simulated/...
SS_25_Optic;Optic sensor;AS-IConveyorTest[20];Boolean;false;root/stations/020-Conveyor/Processing/$Simulated/...
SS_25_Count;Count identifier;AS-IConveyorTest[20];Boolean;false;root/stations/020-Conveyor/Processing/$Simulated/...
SS_25_Pist_Bck;Piston Back;AS-IConveyorTest[20];Boolean;false;root/stations/020-Conveyor/Processing/$Simulated/...
SA_25_Cart_Proc;Release cart - Processing;AS-IConveyorTest[20];Boolean;false;root/stations/020-Conveyor/Processing/$Simulated/...
SC_25_Request;Request cart;AS-IConveyorTest[20];Boolean;false;root/stations/020-Conveyor/Processing/$Simulated/...
SC_25_CartDel;Cart Delivered;AS-IConveyorTest[20];Boolean;false;root/stations/020-Conveyor/Processing/$Simulated/...
O_26_Cart_Stat;Cart in station;AS-IConveyorVisi[20];Boolean;false;root/stations/020-Conveyor/Vision/$Sensors/...
O_26_Cart_Next;Cart next station;AS-IConveyorVisi[20];Boolean;false;root/stations/020-Conveyor/Vision/$Sensors/...
O_26_Optic;Optic sensor;AS-IConveyorVisi[20];Boolean;false;root/stations/020-Conveyor/Vision/$Sensors/...
O_26_Count;Count identifier;AS-IConveyorVisi[20];Boolean;false;root/stations/020-Conveyor/Vision/$Sensors/...
O_26_Pist_Bck;Piston Back;AS-IConveyorVisi[20];Boolean;false;root/stations/020-Conveyor/Vision/$Sensors/...
I_26_Cart_Vision;Release cart;AS-IConveyorVisi[20];Boolean;false;root/stations/020-Conveyor/Vision/$Actuators/...
F_26_Release_FB;Pin feedback;AS-IConveyorVisi[20];Boolean;false;root/stations/020-Conveyor/Vision/$Feedback/...
C_26_Request;Request cart;AS-IConveyorVisi[20];Boolean;false;root/stations/020-Conveyor/Vision/$Control/...
C_26_CartDel;Cart Delivered;AS-IConveyorVisi[20];Boolean;false;root/stations/020-Conveyor/Vision/$Control/...
SS_26_Cart_Stat;Cart in station;AS-IConveyorTest[20];Boolean;false;root/stations/020-Conveyor/Vision/$Simulated/...
SS_26_Cart_Next;Cart next station;AS-IConveyorTest[20];Boolean;false;root/stations/020-Conveyor/Vision/$Simulated/...
SS_26_Optic;Optic sensor;AS-IConveyorTest[20];Boolean;false;root/stations/020-Conveyor/Vision/$Simulated/...
SS_26_Count;Count identifier;AS-IConveyorTest[20];Boolean;false;root/stations/020-Conveyor/Vision/$Simulated/...
SS_26_Pist_Bck;Piston Back;AS-IConveyorTest[20];Boolean;false;root/stations/020-Conveyor/Vision/$Simulated/...
SA_26_Cart_Visi;Release cart - Vision;AS-IConveyorTest[20];Boolean;false;root/stations/020-Conveyor/Vision/$Simulated/...
SC_26_Request;Request cart;AS-IConveyorTest[20];Boolean;false;root/stations/020-Conveyor/Vision/$Simulated/...
SC_26_CartDel;Cart Delivered;AS-IConveyorTest[20];Boolean;false;root/stations/020-Conveyor/Vision/$Simulated/...
O_27_Cart_Stat;Cart in station;AS-IConveyorRobo[20];Boolean;false;root/stations/020-Conveyor/Robot/$Sensors/...
O_27_Cart_Next;Cart near next station;AS-IConveyorRobo[20];Boolean;false;root/stations/020-Conveyor/Robot/$Sensors/...
O_27_Optic;Optic sensor on station;AS-IConveyorRobo[20];Boolean;false;root/stations/020-Conveyor/Robot/$Sensors/...
O_27_Count;Cart count identifier;AS-IConveyorRobo[20];Boolean;false;root/stations/020-Conveyor/Robot/$Sensors/...
O_27_Pist_Bck;Piston in back position;AS-IConveyorRobo[20];Boolean;false;root/stations/020-Conveyor/Robot/$Sensors/...
I_27_Cart_Robot;Release cart;AS-IConveyorRobo[20];Boolean;false;root/stations/020-Conveyor/Robot/$Actuators/...
F_27_Release_FB;Release cart feedback;AS-IConveyorRobo[20];Boolean;false;root/stations/020-Conveyor/Robot/$Feedback/...
C_27_Request;Request cart;AS-IConveyorRobo[20];Boolean;false;root/stations/020-Conveyor/Robot/$Control/...
C_27_CartDel;Cart Delivered;AS-IConveyorRobo[20];Boolean;false;root/stations/020-Conveyor/Robot/$Control/...
SS_27_Cart_Stat;Cart in station;AS-IConveyorTest[20];Boolean;false;root/stations/020-Conveyor/Robot/$Simulated/...
SS_27_Cart_Next;Cart near next station;AS-IConveyorTest[20];Boolean;false;root/stations/020-Conveyor/Robot/$Simulated/...
SS_27_Optic;Optic sensor on station;AS-IConveyorTest[20];Boolean;false;root/stations/020-Conveyor/Robot/$Simulated/...
SS_27_Count;Cart count identifier;AS-IConveyorTest[20];Boolean;false;root/stations/020-Conveyor/Robot/$Simulated/...
SS_27_Pist_Bck;Piston in back position;AS-IConveyorTest[20];Boolean;false;root/stations/020-Conveyor/Robot/$Simulated/...
SA_27_Cart_Robo;Release cart - Robot;AS-IConveyorTest[20];Boolean;false;root/stations/020-Conveyor/Robot/$Simulated/...
SC_27_Request;Request cart;AS-IConveyorTest[20];Boolean;false;root/stations/020-Conveyor/Robot/$Simulated/...
SC_27_CartDel;Cart Delivered;AS-IConveyorTest[20];Boolean;false;root/stations/020-Conveyor/Robot/$Simulated/...
O_28_Cart_Stat;Cart in station;AS-IConveyorStor[20];Boolean;false;root/stations/020-Conveyor/Storage/$Sensors/...
O_28_Cart_Next;Cart near next station;AS-IConveyorStor[20];Boolean;false;root/stations/020-Conveyor/Storage/$Sensors/...
O_28_Optic;Optic sensor on station;AS-IConveyorStor[20];Boolean;false;root/stations/020-Conveyor/Storage/$Sensors/...
O_28_Count;Cart count identifier;AS-IConveyorStor[20];Boolean;false;root/stations/020-Conveyor/Storage/$Sensors/...
O_28_Pist_Bck;Piston in back position;AS-IConveyorStor[20];Boolean;false;root/stations/020-Conveyor/Storage/$Sensors/...
I_28_Cart_Storage;Release cart;AS-IConveyorStor[20];Boolean;false;root/stations/020-Conveyor/Storage/$Actuators/...
F_28_Release_FB;Release cart feedback;AS-IConveyorStor[20];Boolean;false;root/stations/020-Conveyor/Storage/$Feedback/...
C_28_Request;Request cart;AS-IConveyorStor[20];Boolean;false;root/stations/020-Conveyor/Storage/$Control/...
C_28_CartDel;Cart Delivered;AS-IConveyorStor[20];Boolean;false;root/stations/020-Conveyor/Storage/$Control/...
SS_28_Cart_Stat;Cart in station;AS-IConveyorTest[20];Boolean;false;root/stations/020-Conveyor/Storage/$Simulated/...
SS_28_Cart_Next;Cart near next station;AS-IConveyorTest[20];Boolean;false;root/stations/020-Conveyor/Storage/$Simulated/...
SS_28_Optic;Optic sensor on station;AS-IConveyorTest[20];Boolean;false;root/stations/020-Conveyor/Storage/$Simulated/...
SS_28_Count;Cart count identifier;AS-IConveyorTest[20];Boolean;false;root/stations/020-Conveyor/Storage/$Simulated/...
SS_28_Pist_Bck;Piston in back position;AS-IConveyorTest[20];Boolean;false;root/stations/020-Conveyor/Storage/$Simulated/...
SA_28_Cart_Stor;Release cart - Storage;AS-IConveyorTest[20];Boolean;false;root/stations/020-Conveyor/Storage/$Simulated/...
SC_28_Request;Request cart;AS-IConveyorTest[20];Boolean;false;root/stations/020-Conveyor/Storage/$Simulated/...
SC_28_CartDel;Cart Delivered;AS-IConveyorTest[20];Boolean;false;root/stations/020-Conveyor/Storage/$Simulated/...
O_29_Cart_Stat;Cart in station;AS-IConveyorSort[20];Boolean;false;root/stations/020-Conveyor/Sorting/$Sensors/...
O_29_Cart_Next;Cart near next station;AS-IConveyorSort[20];Boolean;false;root/stations/020-Conveyor/Sorting/$Sensors/...
O_29_Optic;Optic sensor on station;AS-IConveyorSort[20];Boolean;false;root/stations/020-Conveyor/Sorting/$Sensors/...
O_29_Count;Cart count identifier;AS-IConveyorSort[20];Boolean;false;root/stations/020-Conveyor/Sorting/$Sensors/...
O_29_Pist_Bck;Piston in back position;AS-IConveyorSort[20];Boolean;false;root/stations/020-Conveyor/Sorting/$Sensors/...
I_29_Cart_Sort;Release cart;AS-IConveyorSort[20];Boolean;false;root/stations/020-Conveyor/Sorting/$Actuators/...
F_29_Release_FB;Release cart feedback;AS-IConveyorSort[20];Boolean;false;root/stations/020-Conveyor/Sorting/$Feedback/...
C_29_Request;Request cart;AS-IConveyorSort[20];Boolean;false;root/stations/020-Conveyor/Sorting/$Control/...
C_29_CartDel;Cart Delivered;AS-IConveyorSort[20];Boolean;false;root/stations/020-Conveyor/Sorting/$Control/...
SS_29_Cart_Stat;Cart in station;AS-IConveyorTest[20];Boolean;false;root/stations/020-Conveyor/Sorting/$Simulated/...
SS_29_Cart_Next;Cart near next station;AS-IConveyorTest[20];Boolean;false;root/stations/020-Conveyor/Sorting/$Simulated/...
SS_29_Optic;Optic sensor on station;AS-IConveyorTest[20];Boolean;false;root/stations/020-Conveyor/Sorting/$Simulated/...
SS_29_Count;Cart count identifier;AS-IConveyorTest[20];Boolean;false;root/stations/020-Conveyor/Sorting/$Simulated/...
SS_29_Pist_Bck;Piston in back position;AS-IConveyorTest[20];Boolean;false;root/stations/020-Conveyor/Sorting/$Simulated/...
SA_29_Cart_Sort;Release cart - Sorting;AS-IConveyorTest[20];Boolean;false;root/stations/020-Conveyor/Sorting/$Simulated/...
SC_29_Request;Request cart;AS-IConveyorTest[20];Boolean;false;root/stations/020-Conveyor/Sorting/$Simulated/...
SC_29_CartDel;Cart Delivered;AS-IConveyorTest[20];Boolean;false;root/stations/020-Conveyor/Sorting/$Simulated/...
Ant1_TagReport;Shows Tag Infos;AS-IConveyorRFID;String;;root/stations/020-Conveyor/RFID/$Antena1/...
Ant1_R_TagID;Reads the TAG ID;AS-IConveyorRFID;String;;root/stations/020-Conveyor/RFID/$Antena1/...
Ant1_R_UserData;Reads User Data;AS-IConveyorRFID;String;;root/stations/020-Conveyor/RFID/$Antena1/...
Ant1_W_TagID;Writes to the TAG ID;AS-IConveyorRFID;String;;root/stations/020-Conveyor/RFID/$Antena1/...
Ant1_W_UserData;Writes User Data;AS-IConveyorRFID;String;;root/stations/020-Conveyor/RFID/$Antena1/...
Ant2_TagReport;Shows Tag Infos;AS-IConveyorRFID;String;;root/stations/020-Conveyor/RFID/$Antena2/...
Ant2_R_TagID;Reads the TAG ID;AS-IConveyorRFID;String;;root/stations/020-Conveyor/RFID/$Antena2/...
Ant2_R_UserData;Reads User Data;AS-IConveyorRFID;String;;root/stations/020-Conveyor/RFID/$Antena2/...
Ant2_W_TagID;Writes to the TAG ID;AS-IConveyorRFID;String;;root/stations/020-Conveyor/RFID/$Antena2/...
Ant2_W_UserData;Writes User Data;AS-IConveyorRFID;String;;root/stations/020-Conveyor/RFID/$Antena2/...
Ant3_TagReport;Shows Tag Infos;AS-IConveyorRFID;String;;root/stations/020-Conveyor/RFID/$Antena3/...
Ant3_R_TagID;Reads the TAG ID;AS-IConveyorRFID;String;;root/stations/020-Conveyor/RFID/$Antena3/...
Ant3_R_UserData;Reads User Data;AS-IConveyorRFID;String;;root/stations/020-Conveyor/RFID/$Antena3/...
Ant3_W_TagID;Writes to the TAG ID;AS-IConveyorRFID;String;;root/stations/020-Conveyor/RFID/$Antena3/...
Ant3_W_UserData;Writes User Data;AS-IConveyorRFID;String;;root/stations/020-Conveyor/RFID/$Antena3/...
Ant4_TagReport;Shows Tag Infos;AS-IConveyorRFID;String;;root/stations/020-Conveyor/RFID/$Antena4/...
Ant4_R_TagID;Reads the TAG ID;AS-IConveyorRFID;String;;root/stations/020-Conveyor/RFID/$Antena4/...
Ant4_R_UserData;Reads User Data;AS-IConveyorRFID;String;;root/stations/020-Conveyor/RFID/$Antena4/...
Ant4_W_TagID;Writes to the TAG ID;AS-IConveyorRFID;String;;root/stations/020-Conveyor/RFID/$Antena4/...
Ant4_W_UserData;Writes User Data;AS-IConveyorRFID;String;;root/stations/020-Conveyor/RFID/$Antena4/...
WrtieStatus;Confirms the Writing Status of the Antenas;AS-IConveyorRFID;String;;root/stations/020-Conveyor/RFID/$Status/...
40_Input;;Storage[40];Boolean;false;root/stations/040-Storage/$Sensors/...
40_Output;;Storage[40];Boolean;false;root/stations/040-Storage/$Actuators/...
40_Feedback;;Storage[40];Boolean;false;root/stations/040-Storage/$Feedback/...
O_50_Part_Reserve;Part in reserve position;Handling[50];Boolean;false;root/stations/050-Handling1/$Sensors/...
O_50_Claw_Cart;Claw at cart position;Handling[50];Boolean;false;root/stations/050-Handling1/$Sensors/...
O_50_Claw_Del;Claw at delivery position;Handling[50];Boolean;false;root/stations/050-Handling1/$Sensors/...
O_50_Claw_Reserve;Claw at reserve position;Handling[50];Boolean;false;root/stations/050-Handling1/$Sensors/...
O_50_Claw_Low;Claw Low;Handling[50];Boolean;false;root/stations/050-Handling1/$Sensors/...
O_50_Claw_High;Claw high;Handling[50];Boolean;false;root/stations/050-Handling1/$Sensors/...
O_50_Part_in_Claw;Part in claw;Handling[50];Boolean;false;root/stations/050-Handling1/$Sensors/...
O_51_Start;Start Button;Handling[50];Boolean;false;root/stations/050-Handling1/$Sensors/...
O_51_Stop;Stop Button;Handling[50];Boolean;false;root/stations/050-Handling1/$Sensors/...
O_51_Key_Pos;Key position;Handling[50];Boolean;false;root/stations/050-Handling1/$Sensors/...
O_51_Reset;Reset Button;Handling[50];Boolean;false;root/stations/050-Handling1/$Sensors/...
O_51_Panel_I4;Panel I4 (Outside connection);Handling[50];Boolean;false;root/stations/050-Handling1/$Sensors/...
O_51_Panel_I5;Panel I5 (Outside connection);Handling[50];Boolean;false;root/stations/050-Handling1/$Sensors/...
O_51_Panel_I6;Panel I6 (Outside connection);Handling[50];Boolean;false;root/stations/050-Handling1/$Sensors/...
O_51_Panel_I7;Panel I7 (Outside connection);Handling[50];Boolean;false;root/stations/050-Handling1/$Sensors/...
I_50_Claw_2_Del;Moves claw to delivery position;Handling[50];Boolean;false;root/stations/050-Handling1/$Actuators/...
I_50_Claw_2_Cart;Moves claw to cart position;Handling[50];Boolean;false;root/stations/050-Handling1/$Actuators/...
I_50_Claw_Down;Lowers claw;Handling[50];Boolean;false;root/stations/050-Handling1/$Actuators/...
I_50_Close_Claw;Closes claw;Handling[50];Boolean;false;root/stations/050-Handling1/$Actuators/...
I_51_Led_Start;Start LED;Handling[50];Boolean;false;root/stations/050-Handling1/$Actuators/...
I_51_Led_Reset;Reset LED;Handling[50];Boolean;false;root/stations/050-Handling1/$Actuators/...
I_51_Led_Extra1;Extra1 LED;Handling[50];Boolean;false;root/stations/050-Handling1/$Actuators/...
I_51_Led_Extra2;Extra2 LED;Handling[50];Boolean;false;root/stations/050-Handling1/$Actuators/...
I_51_Panel_O4;Panel O4 (Outside connection);Handling[50];Boolean;false;root/stations/050-Handling1/$Actuators/...
I_51_Panel_O5;Panel O5 (Outside connection);Handling[50];Boolean;false;root/stations/050-Handling1/$Actuators/...
I_51_Panel_O6;Panel O6 (Outside connection);Handling[50];Boolean;false;root/stations/050-Handling1/$Actuators/...
I_51_Panel_O7;Panel O7 (Outside connection);Handling[50];Boolean;false;root/stations/050-Handling1/$Actuators/...
F_52_Claw_2_Del;Moves claw to delivery position;Handling[50];Boolean;false;root/stations/050-Handling1/$Feedback/...
F_52_Claw_2_Cart;Moves claw to cart position;Handling[50];Boolean;false;root/stations/050-Handling1/$Feedback/...
F_52_Claw_Down;Lowers claw;Handling[50];Boolean;false;root/stations/050-Handling1/$Feedback/...
F_52_Close_Claw;Closes claw;Handling[50];Boolean;false;root/stations/050-Handling1/$Feedback/...
F_53_Led_Start;Start LED;Handling[50];Boolean;false;root/stations/050-Handling1/$Feedback/...
F_53_Led_Reset;Reset LED;Handling[50];Boolean;false;root/stations/050-Handling1/$Feedback/...
F_53_Led_Extra1;Extra1 LED;Handling[50];Boolean;false;root/stations/050-Handling1/$Feedback/...
F_53_Led_Extra2;Extra2 LED;Handling[50];Boolean;false;root/stations/050-Handling1/$Feedback/...
F_53_Panel_O4;Panel O4 (Outside connection);Handling[50];Boolean;false;root/stations/050-Handling1/$Feedback/...
F_53_Panel_O5;Panel O5 (Outside connection);Handling[50];Boolean;false;root/stations/050-Handling1/$Feedback/...
F_53_Panel_O6;Panel O6 (Outside connection);Handling[50];Boolean;false;root/stations/050-Handling1/$Feedback/...
F_53_Panel_O7;Panel O7 (Outside connection);Handling[50];Boolean;false;root/stations/050-Handling1/$Feedback/...
A_54_Request;Request cart;Handling[50];Boolean;false;root/stations/050-Handling1/$AS-i/...
A_54_No_Cart;No Cart at Station;Handling[50];Boolean;false;root/stations/050-Handling1/$AS-i/...
A_54_Cart_Full;Cart Full at Station;Handling[50];Boolean;false;root/stations/050-Handling1/$AS-i/...
A_54_Cart_Stat;Cart in station;Handling[50];Boolean;false;root/stations/050-Handling1/$AS-i/...
A_54_Cart_Next;Cart near next station;Handling[50];Boolean;false;root/stations/050-Handling1/$AS-i/...
A_54_Optic;Optic sensor on station;Handling[50];Boolean;false;root/stations/050-Handling1/$AS-i/...
A_54_Count;Cart count identifier;Handling[50];Boolean;false;root/stations/050-Handling1/$AS-i/...
A_54_Pist_Bck;Piston in back position;Handling[50];Boolean;false;root/stations/050-Handling1/$AS-i/...
A_54_Release_FB;Pin release feedback;Handling[50];Boolean;false;root/stations/050-Handling1/$AS-i/...
C_55_Initialization;Initialization Routine;Handling[50];Boolean;false;root/stations/050-Handling1/$Control/...
C_55_PD_Proc;Part Delivered to Processing;Handling[50];Boolean;false;root/stations/050-Handling1/$Control/...
C_55_PD_Cart;Part Delivered to Cart;Handling[50];Boolean;false;root/stations/050-Handling1/$Control/...
C_52_Profibus;Profibus OK;Handling[50];Boolean;false;root/stations/050-Handling1/$Control/...
C_55_Start;Strat Arm Movement;Handling[50];Boolean;false;root/stations/050-Handling1/$Control/...
C_55_Cart2Del;Cart to Delivery Mode;Handling[50];Boolean;false;root/stations/050-Handling1/$Control/...
C_55_Del2Cart;Delivery to Cart Mode;Handling[50];Boolean;false;root/stations/050-Handling1/$Control/...
SS_50_Part_Reserve;Part in reserve position;Handling[50];Boolean;false;root/stations/050-Handling1/$Simulated/...
SS_50_Claw_Cart;Claw at delivery position;Handling[50];Boolean;false;root/stations/050-Handling1/$Simulated/...
SS_50_Claw_Del;Claw at reserve position;Handling[50];Boolean;false;root/stations/050-Handling1/$Simulated/...
SS_50_Claw_Reserve;Claw at cart position;Handling[50];Boolean;false;root/stations/050-Handling1/$Simulated/...
SS_50_Claw_Low;Claw Low;Handling[50];Boolean;false;root/stations/050-Handling1/$Simulated/...
SS_50_Claw_High;Claw high;Handling[50];Boolean;false;root/stations/050-Handling1/$Simulated/...
SS_50_Part_in_Claw;Part in claw;Handling[50];Boolean;false;root/stations/050-Handling1/$Simulated/...
SS_51_Start;Start Button;Handling[50];Boolean;false;root/stations/050-Handling1/$Simulated/...
SS_51_Stop;Stop Button;Handling[50];Boolean;false;root/stations/050-Handling1/$Simulated/...
SS_51_Key_Pos;Key position;Handling[50];Boolean;false;root/stations/050-Handling1/$Simulated/...
SS_51_Reset;Reset;Handling[50];Boolean;false;root/stations/050-Handling1/$Simulated/...
SS_51_Panel_I4;Panel I4 (Outside connection);Handling[50];Boolean;false;root/stations/050-Handling1/$Simulated/...
SS_51_Panel_I5;Panel I5 (Outside connection);Handling[50];Boolean;false;root/stations/050-Handling1/$Simulated/...
SS_51_Panel_I6;Panel I6 (Outside connection);Handling[50];Boolean;false;root/stations/050-Handling1/$Simulated/...
SS_51_Panel_I7;Panel I7 (Outside connection);Handling[50];Boolean;false;root/stations/050-Handling1/$Simulated/...
SA_50_Claw_2_Del;Moves claw to cart position;Handling[50];Boolean;false;root/stations/050-Handling1/$Simulated/...
SA_50_Claw_2_Cart;Moves claw to delivery position;Handling[50];Boolean;false;root/stations/050-Handling1/$Simulated/...
SA_50_Claw_Down;Lowers claw;Handling[50];Boolean;false;root/stations/050-Handling1/$Simulated/...
SA_50_Close_Claw;Closes claw;Handling[50];Boolean;false;root/stations/050-Handling1/$Simulated/...
SA_51_Led_Start;Start LED;Handling[50];Boolean;false;root/stations/050-Handling1/$Simulated/...
SA_51_Led_Reset;Reset LED;Handling[50];Boolean;false;root/stations/050-Handling1/$Simulated/...
SA_51_Led_Extra1;Extra1 LED;Handling[50];Boolean;false;root/stations/050-Handling1/$Simulated/...
SA_51_Led_Extra2;Extra2 LED;Handling[50];Boolean;false;root/stations/050-Handling1/$Simulated/...
SA_51_Panel_O4;Panel O4 (Outside connection);Handling[50];Boolean;false;root/stations/050-Handling1/$Simulated/...
SA_51_Panel_O5;Panel O5 (Outside connection);Handling[50];Boolean;false;root/stations/050-Handling1/$Simulated/...
SA_51_Panel_O6;Panel O6 (Outside connection);Handling[50];Boolean;false;root/stations/050-Handling1/$Simulated/...
SA_51_Panel_O7;Panel O7 (Outside connection);Handling[50];Boolean;false;root/stations/050-Handling1/$Simulated/...
SC_55_Initialization;Initialization Routine;Handling[50];Boolean;false;root/stations/050-Handling1/$Simulated/...
SC_55_PD_Proc;Part Delivered to Processing;Handling[50];Boolean;false;root/stations/050-Handling1/$Simulated/...
SC_55_PD_Cart;Part Delivered to Cart;Handling[50];Boolean;false;root/stations/050-Handling1/$Simulated/...
SC_52_Profibus;Profibus OK;Handling[50];Boolean;false;root/stations/050-Handling1/$Simulated/...
SC_55_Start;Start Arm Movement;Handling[50];Boolean;false;root/stations/050-Handling1/$Simulated/...
SC_55_Cart2Del;Cart to Delivery Mode;Handling[50];Boolean;false;root/stations/050-Handling1/$Simulated/...
SC_55_Del2Cart;Delivery to Cart Mode;Handling[50];Boolean;false;root/stations/050-Handling1/$Simulated/...
O_60_SPart;Part sensor;Sorting[60];Boolean;false;root/stations/060-Sorting/$Sensors/...
O_60_SInd;Inductive sensor (metalic);Sorting[60];Boolean;false;root/stations/060-Sorting/$Sensors/...
O_60_SPhoto;Photoelectric (color) sensor;Sorting[60];Boolean;false;root/stations/060-Sorting/$Sensors/...
O_60_Part_Pass;Part has passed the identify;Sorting[60];Boolean;false;root/stations/060-Sorting/$Sensors/...
O_60_SL1_Bck;Lever1 back position;Sorting[60];Boolean;false;root/stations/060-Sorting/$Sensors/...
O_60_SL1_Fwd;Lever1 forward position;Sorting[60];Boolean;false;root/stations/060-Sorting/$Sensors/...
O_60_SL2_Bck;Lever2 back position;Sorting[60];Boolean;false;root/stations/060-Sorting/$Sensors/...
O_60_SL2_Fwd;Lever2 forward position;Sorting[60];Boolean;false;root/stations/060-Sorting/$Sensors/...
O_61_Start;Start Button;Sorting[60];Boolean;false;root/stations/060-Sorting/$Sensors/...
O_61_Stop;Stop Button;Sorting[60];Boolean;false;root/stations/060-Sorting/$Sensors/...
O_61_Key_Pos;Key position;Sorting[60];Boolean;false;root/stations/060-Sorting/$Sensors/...
O_61_Reset;Reset Button;Sorting[60];Boolean;false;root/stations/060-Sorting/$Sensors/...
O_61_Panel_I4;Panel I4 (Outside connection);Sorting[60];Boolean;false;root/stations/060-Sorting/$Sensors/...
O_61_Panel_I5;Panel I5 (Outside connection);Sorting[60];Boolean;false;root/stations/060-Sorting/$Sensors/...
O_61_Panel_I6;Panel I6 (Outside connection);Sorting[60];Boolean;false;root/stations/060-Sorting/$Sensors/...
O_61_Panel_I7;Panel I7 (Outside connection);Sorting[60];Boolean;false;root/stations/060-Sorting/$Sensors/...
I_60_Conveyor;Conveyor on;Sorting[60];Boolean;false;root/stations/060-Sorting/$Actuators/...
I_60_P1;Pushes Lever 1 forward;Sorting[60];Boolean;false;root/stations/060-Sorting/$Actuators/...
I_60_P2;Pushes Lever 2 forward;Sorting[60];Boolean;false;root/stations/060-Sorting/$Actuators/...
I_60_Identify;Identify pin;Sorting[60];Boolean;false;root/stations/060-Sorting/$Actuators/...
I_61_Led_Start;Start LED;Sorting[60];Boolean;false;root/stations/060-Sorting/$Actuators/...
I_61_Led_Reset;Reset LED;Sorting[60];Boolean;false;root/stations/060-Sorting/$Actuators/...
I_61_Led_Extra1;Extra1 LED;Sorting[60];Boolean;false;root/stations/060-Sorting/$Actuators/...
I_61_Led_Extra2;Extra2 LED;Sorting[60];Boolean;false;root/stations/060-Sorting/$Actuators/...
I_61_Panel_O4;Panel O4 (Outside connection);Sorting[60];Boolean;false;root/stations/060-Sorting/$Actuators/...
I_61_Panel_O5;Panel O5 (Outside connection);Sorting[60];Boolean;false;root/stations/060-Sorting/$Actuators/...
I_61_Panel_O6;Panel O6 (Outside connection);Sorting[60];Boolean;false;root/stations/060-Sorting/$Actuators/...
I_61_Panel_O7;Panel O7 (Outside connection);Sorting[60];Boolean;false;root/stations/060-Sorting/$Actuators/...
F_62_Conveyor;Conveyor on;Sorting[60];Boolean;false;root/stations/060-Sorting/$Feedback/...
F_62_P1;Pushes Lever 1 forward;Sorting[60];Boolean;false;root/stations/060-Sorting/$Feedback/...
F_62_P2;Pushes Lever 2 forward;Sorting[60];Boolean;false;root/stations/060-Sorting/$Feedback/...
F_62_Identify;Identify pin;Sorting[60];Boolean;false;root/stations/060-Sorting/$Feedback/...
F_63_Led_Start;Start LED;Sorting[60];Boolean;false;root/stations/060-Sorting/$Feedback/...
F_63_Led_Reset;Reset LED;Sorting[60];Boolean;false;root/stations/060-Sorting/$Feedback/...
F_63_Led_Extra1;Extra1 LED;Sorting[60];Boolean;false;root/stations/060-Sorting/$Feedback/...
F_63_Led_Extra2;Extra2 LED;Sorting[60];Boolean;false;root/stations/060-Sorting/$Feedback/...
F_63_Panel_O4;Panel O4 (Outside connection);Sorting[60];Boolean;false;root/stations/060-Sorting/$Feedback/...
F_63_Panel_O5;Panel O5 (Outside connection);Sorting[60];Boolean;false;root/stations/060-Sorting/$Feedback/...
F_63_Panel_O6;Panel O6 (Outside connection);Sorting[60];Boolean;false;root/stations/060-Sorting/$Feedback/...
F_63_Panel_O7;Panel O7 (Outside connection);Sorting[60];Boolean;false;root/stations/060-Sorting/$Feedback/...
C_65_Initialization;Initialization Routine;Sorting[60];Boolean;false;root/stations/060-Sorting/$Control/...
C_65_ID_1;Identified  - Bit 1;Sorting[60];Boolean;false;root/stations/060-Sorting/$Control/...
C_65_ID_2;Identified  - Bit 2;Sorting[60];Boolean;false;root/stations/060-Sorting/$Control/...
C_62_Profibus;Profibus OK;Sorting[60];Boolean;false;root/stations/060-Sorting/$Control/...
C_65_RBS_Output;Red-Black-Silver Output;Sorting[60];Boolean;false;root/stations/060-Sorting/$Control/...
C_65_RSB_Output;Red-Silver-Black Output;Sorting[60];Boolean;false;root/stations/060-Sorting/$Control/...
C_65_BRS_Output;Black-Red-Silver Output;Sorting[60];Boolean;false;root/stations/060-Sorting/$Control/...
C_65_BSR_Output;Black-Silver-Red Output;Sorting[60];Boolean;false;root/stations/060-Sorting/$Control/...
C_65_SRB_Output;Silver-Red-Black Output;Sorting[60];Boolean;false;root/stations/060-Sorting/$Control/...
C_65_SBR_Output;Silver-Black_Red Output;Sorting[60];Boolean;false;root/stations/060-Sorting/$Control/...
SS_60_SPart;Part sensor;Sorting[60];Boolean;false;root/stations/060-Sorting/$Simulated/...
SS_60_SInd;Inductive sensor (metalic);Sorting[60];Boolean;false;root/stations/060-Sorting/$Simulated/...
SS_60_SPhoto;Photoelectric (color) sensor;Sorting[60];Boolean;false;root/stations/060-Sorting/$Simulated/...
SS_60_Part_Pass;Part has passed the identify;Sorting[60];Boolean;false;root/stations/060-Sorting/$Simulated/...
SS_60_SL1_Bck;Lever1 back position;Sorting[60];Boolean;false;root/stations/060-Sorting/$Simulated/...
SS_60_SL1_Fwd;Lever1 forward position;Sorting[60];Boolean;false;root/stations/060-Sorting/$Simulated/...
SS_60_SL2_Bck;Lever2 back position;Sorting[60];Boolean;false;root/stations/060-Sorting/$Simulated/...
SS_60_SL2_Fwd;Lever2 forward position;Sorting[60];Boolean;false;root/stations/060-Sorting/$Simulated/...
SS_61_Start;Start Button;Sorting[60];Boolean;false;root/stations/060-Sorting/$Simulated/...
SS_61_Stop;Stop Button;Sorting[60];Boolean;false;root/stations/060-Sorting/$Simulated/...
SS_61_Key_Pos;Key position;Sorting[60];Boolean;false;root/stations/060-Sorting/$Simulated/...
SS_61_Reset;Reset Button;Sorting[60];Boolean;false;root/stations/060-Sorting/$Simulated/...
SS_61_Panel_I4;Panel I4 (Outside connection);Sorting[60];Boolean;false;root/stations/060-Sorting/$Simulated/...
SS_61_Panel_I5;Panel I5 (Outside connection);Sorting[60];Boolean;false;root/stations/060-Sorting/$Simulated/...
SS_61_Panel_I6;Panel I6 (Outside connection);Sorting[60];Boolean;false;root/stations/060-Sorting/$Simulated/...
SS_61_Panel_I7;Panel I7 (Outside connection);Sorting[60];Boolean;false;root/stations/060-Sorting/$Simulated/...
SA_60_Conveyor;Conveyor on;Sorting[60];Boolean;false;root/stations/060-Sorting/$Simulated/...
SA_60_P1;Pushes Lever 1 forward;Sorting[60];Boolean;false;root/stations/060-Sorting/$Simulated/...
SA_60_P2;Pushes Lever 2 forward;Sorting[60];Boolean;false;root/stations/060-Sorting/$Simulated/...
SA_60_Identify;Identify pin;Sorting[60];Boolean;false;root/stations/060-Sorting/$Simulated/...
SA_61_Led_Start;Start LED;Sorting[60];Boolean;false;root/stations/060-Sorting/$Simulated/...
SA_61_Led_Reset;Reset LED;Sorting[60];Boolean;false;root/stations/060-Sorting/$Simulated/...
SA_61_Led_Extra1;Extra1 LED;Sorting[60];Boolean;false;root/stations/060-Sorting/$Simulated/...
SA_61_Led_Extra2;Extra2 LED;Sorting[60];Boolean;false;root/stations/060-Sorting/$Simulated/...
SA_61_Panel_O4;Panel O4 (Outside connection);Sorting[60];Boolean;false;root/stations/060-Sorting/$Simulated/...
SA_61_Panel_O5;Panel O5 (Outside connection);Sorting[60];Boolean;false;root/stations/060-Sorting/$Simulated/...
SA_61_Panel_O6;Panel O6 (Outside connection);Sorting[60];Boolean;false;root/stations/060-Sorting/$Simulated/...
SA_61_Panel_O7;Panel O7 (Outside connection);Sorting[60];Boolean;false;root/stations/060-Sorting/$Simulated/...
SC_65_Initialization;Initialization Routine;Sorting[60];Boolean;false;root/stations/060-Sorting/$Simulated/...
SC_65_ID_1;Identified  - Bit 1;Sorting[60];Boolean;false;root/stations/060-Sorting/$Simulated/...
SC_65_ID_2;Identified  - Bit 2;Sorting[60];Boolean;false;root/stations/060-Sorting/$Simulated/...
SC_62_Profibus;Profibus OK;Sorting[60];Boolean;false;root/stations/060-Sorting/$Simulated/...
SC_65_RBS_Output;Red-Black-Silver Output;Sorting[60];Boolean;false;root/stations/060-Sorting/$Simulated/...
SC_65_RSB_Output;Red-Silver-Black Output;Sorting[60];Boolean;false;root/stations/060-Sorting/$Simulated/...
SC_65_BRS_Output;Black-Red-Silver Output;Sorting[60];Boolean;false;root/stations/060-Sorting/$Simulated/...
SC_65_BSR_Output;Black-Silver-Red Output;Sorting[60];Boolean;false;root/stations/060-Sorting/$Simulated/...
SC_65_SRB_Output;Silver-Red-Black Output;Sorting[60];Boolean;false;root/stations/060-Sorting/$Simulated/...
SC_65_SBR_Output;Silver-Black_Red Output;Sorting[60];Boolean;false;root/stations/060-Sorting/$Simulated/...
O_70_SInductive;Inductive sensor (metalic);Testing[70];Boolean;false;root/stations/070-Testing/$Sensors/...
O_70_SPart;Part in elevator;Testing[70];Boolean;false;root/stations/070-Testing/$Sensors/...
O_70_SStation;Station through;Testing[70];Boolean;false;root/stations/070-Testing/$Sensors/...
O_70_SPart_Height;Part height sensor;Testing[70];Boolean;false;root/stations/070-Testing/$Sensors/...
O_70_Elev_High;Elevator in high position;Testing[70];Boolean;false;root/stations/070-Testing/$Sensors/...
O_70_Elev_Low;Elevator in low position;Testing[70];Boolean;false;root/stations/070-Testing/$Sensors/...
O_70_Pist_Back;Eject piston in back position;Testing[70];Boolean;false;root/stations/070-Testing/$Sensors/...
O_71_Start;Start Button;Testing[70];Boolean;false;root/stations/070-Testing/$Sensors/...
O_71_Stop;Stop Button;Testing[70];Boolean;false;root/stations/070-Testing/$Sensors/...
O_71_Key_Pos;Key position;Testing[70];Boolean;false;root/stations/070-Testing/$Sensors/...
O_71_Reset;Reset Button;Testing[70];Boolean;false;root/stations/070-Testing/$Sensors/...
O_71_Panel_I4;Panel I4 (Outside connection);Testing[70];Boolean;false;root/stations/070-Testing/$Sensors/...
O_71_Panel_I5;Panel I5 (Outside connection);Testing[70];Boolean;false;root/stations/070-Testing/$Sensors/...
O_71_Panel_I6;Panel I6 (Outside connection);Testing[70];Boolean;false;root/stations/070-Testing/$Sensors/...
O_71_Panel_I7;Panel I7 (Outside connection);Testing[70];Boolean;false;root/stations/070-Testing/$Sensors/...
I_70_Elev_Down;Lowers elevator;Testing[70];Boolean;false;root/stations/070-Testing/$Actuators/...
I_70_Elev_Up;Rises elevator;Testing[70];Boolean;false;root/stations/070-Testing/$Actuators/...
I_70_Eject_Part;Eject parts;Testing[70];Boolean;false;root/stations/070-Testing/$Actuators/...
I_70_Air_On;Turns on air (slide);Testing[70];Boolean;false;root/stations/070-Testing/$Actuators/...
I_71_Led_Start;Start LED;Testing[70];Boolean;false;root/stations/070-Testing/$Actuators/...
I_71_Led_Reset;Reset LED;Testing[70];Boolean;false;root/stations/070-Testing/$Actuators/...
I_71_Led_Extra1;Extra1 LED;Testing[70];Boolean;false;root/stations/070-Testing/$Actuators/...
I_71_Led_Extra2;Extra2 LED;Testing[70];Boolean;false;root/stations/070-Testing/$Actuators/...
I_71_Panel_O4;Panel O4 (Outside connection);Testing[70];Boolean;false;root/stations/070-Testing/$Actuators/...
I_71_Panel_O5;Panel O5 (Outside connection);Testing[70];Boolean;false;root/stations/070-Testing/$Actuators/...
I_71_Panel_O6;Panel O6 (Outside connection);Testing[70];Boolean;false;root/stations/070-Testing/$Actuators/...
I_71_Panel_O7;Panel O7 (Outside connection);Testing[70];Boolean;false;root/stations/070-Testing/$Actuators/...
F_72_Elev_Down;Lowers elevator;Testing[70];Boolean;false;root/stations/070-Testing/$Feedback/...
F_72_Elev_Up;Rises elevator;Testing[70];Boolean;false;root/stations/070-Testing/$Feedback/...
F_72_Eject_Part;Eject parts;Testing[70];Boolean;false;root/stations/070-Testing/$Feedback/...
F_72_Air_On;Turns on air (slide);Testing[70];Boolean;false;root/stations/070-Testing/$Feedback/...
F_73_Led_Start;Start LED;Testing[70];Boolean;false;root/stations/070-Testing/$Feedback/...
F_73_Led_Reset;Reset LED;Testing[70];Boolean;false;root/stations/070-Testing/$Feedback/...
F_73_Led_Extra1;Extra1 LED;Testing[70];Boolean;false;root/stations/070-Testing/$Feedback/...
F_73_Led_Extra2;Extra2 LED;Testing[70];Boolean;false;root/stations/070-Testing/$Feedback/...
F_73_Panel_O4;Panel O4 (Outside connection);Testing[70];Boolean;false;root/stations/070-Testing/$Feedback/...
F_73_Panel_O5;Panel O5 (Outside connection);Testing[70];Boolean;false;root/stations/070-Testing/$Feedback/...
F_73_Panel_O6;Panel O6 (Outside connection);Testing[70];Boolean;false;root/stations/070-Testing/$Feedback/...
F_73_Panel_O7;Panel O7 (Outside connection);Testing[70];Boolean;false;root/stations/070-Testing/$Feedback/...
A_74_Request;Request cart;Testing[70];Boolean;false;root/stations/070-Testing/$AS-i/...
A_74_No_Cart;No Cart at Station;Testing[70];Boolean;false;root/stations/070-Testing/$AS-i/...
A_74_Cart_Full;Cart Full at Station;Testing[70];Boolean;false;root/stations/070-Testing/$AS-i/...
A_74_Cart_Stat;Cart in station;Testing[70];Boolean;false;root/stations/070-Testing/$AS-i/...
A_74_Cart_Next;Cart near next station;Testing[70];Boolean;false;root/stations/070-Testing/$AS-i/...
A_74_Optic;Optic sensor on station;Testing[70];Boolean;false;root/stations/070-Testing/$AS-i/...
A_74_Count;Cart count identifier;Testing[70];Boolean;false;root/stations/070-Testing/$AS-i/...
A_74_Pist_Bck;Piston in back position;Testing[70];Boolean;false;root/stations/070-Testing/$AS-i/...
A_74_Release_FB;Pin release feedback;Testing[70];Boolean;false;root/stations/070-Testing/$AS-i/...
C_75_Initialization;Initialization Routine;Testing[70];Boolean;false;root/stations/070-Testing/$Control/...
C_75_ID_Delivery1;Identified Delivery - Bit 1;Testing[70];Boolean;false;root/stations/070-Testing/$Control/...
C_75_ID_Delivery2;Identified Delivery - Bit 2;Testing[70];Boolean;false;root/stations/070-Testing/$Control/...
C_75_Part_Del;Part Delivered;Testing[70];Boolean;false;root/stations/070-Testing/$Control/...
C_75_RQ_Part_Del;Requested Part Delivered;Testing[70];Boolean;false;root/stations/070-Testing/$Control/...
C_75_RQ_Wrong;Requested Wrong Part;Testing[70];Boolean;false;root/stations/070-Testing/$Control/...
C_75_Identified80;Identified Delivery;Testing[70];Boolean;false;root/stations/070-Testing/$Control/...
C_75_Requested80;Requested Delivery;Testing[70];Boolean;false;root/stations/070-Testing/$Control/...
C_72_Profibus;Profibus OK;Testing[70];Boolean;false;root/stations/070-Testing/$Control/...
C_75_RQ_Delivery1;Requested Delivery - Bit 1;Testing[70];Boolean;false;root/stations/070-Testing/$Control/...
C_75_RQ_Delivery2;Requested Delivery - Bit 2;Testing[70];Boolean;false;root/stations/070-Testing/$Control/...
C_75_Identified;Identified Delivery;Testing[70];Boolean;false;root/stations/070-Testing/$Control/...
C_75_Requested;Requested Delivery;Testing[70];Boolean;false;root/stations/070-Testing/$Control/...
SS_70_SInductive;Inductive sensor (metalic);Testing[70];Boolean;false;root/stations/070-Testing/$Simulated/...
SS_70_SPart;Part in elevator;Testing[70];Boolean;false;root/stations/070-Testing/$Simulated/...
SS_70_SStation;Station through;Testing[70];Boolean;false;root/stations/070-Testing/$Simulated/...
SS_70_SPart_Height;Part height sensor;Testing[70];Boolean;false;root/stations/070-Testing/$Simulated/...
SS_70_Elev_High;Elevator in high position;Testing[70];Boolean;false;root/stations/070-Testing/$Simulated/...
SS_70_Elev_Low;Elevator in low position;Testing[70];Boolean;false;root/stations/070-Testing/$Simulated/...
SS_70_Pist_Back;Eject piston in back position;Testing[70];Boolean;false;root/stations/070-Testing/$Simulated/...
SS_71_Start;Start Button;Testing[70];Boolean;false;root/stations/070-Testing/$Simulated/...
SS_71_Stop;Stop Button;Testing[70];Boolean;false;root/stations/070-Testing/$Simulated/...
SS_71_Key_Pos;Key position;Testing[70];Boolean;false;root/stations/070-Testing/$Simulated/...
SS_71_Reset;Reset Button;Testing[70];Boolean;false;root/stations/070-Testing/$Simulated/...
SS_71_Panel_I4;Panel I4 (Outside connection);Testing[70];Boolean;false;root/stations/070-Testing/$Simulated/...
SS_71_Panel_I5;Panel I5 (Outside connection);Testing[70];Boolean;false;root/stations/070-Testing/$Simulated/...
SS_71_Panel_I6;Panel I6 (Outside connection);Testing[70];Boolean;false;root/stations/070-Testing/$Simulated/...
SS_71_Panel_I7;Panel I7 (Outside connection);Testing[70];Boolean;false;root/stations/070-Testing/$Simulated/...
SA_70_Elev_Down;Lowers elevator;Testing[70];Boolean;false;root/stations/070-Testing/$Simulated/...
SA_70_Elev_Up;Rises elevator;Testing[70];Boolean;false;root/stations/070-Testing/$Simulated/...
SA_70_Eject_Part;Eject parts;Testing[70];Boolean;false;root/stations/070-Testing/$Simulated/...
SA_70_Air_On;Turns on air (slide);Testing[70];Boolean;false;root/stations/070-Testing/$Simulated/...
SA_71_Led_Start;Start LED;Testing[70];Boolean;false;root/stations/070-Testing/$Simulated/...
SA_71_Led_Reset;Reset LED;Testing[70];Boolean;false;root/stations/070-Testing/$Simulated/...
SA_71_Led_Extra1;Extra1 LED;Testing[70];Boolean;false;root/stations/070-Testing/$Simulated/...
SA_71_Led_Extra2;Extra2 LED;Testing[70];Boolean;false;root/stations/070-Testing/$Simulated/...
SA_71_Panel_O4;Panel O4 (Outside connection);Testing[70];Boolean;false;root/stations/070-Testing/$Simulated/...
SA_71_Panel_O5;Panel O5 (Outside connection);Testing[70];Boolean;false;root/stations/070-Testing/$Simulated/...
SA_71_Panel_O6;Panel O6 (Outside connection);Testing[70];Boolean;false;root/stations/070-Testing/$Simulated/...
SA_71_Panel_O7;Panel O7 (Outside connection);Testing[70];Boolean;false;root/stations/070-Testing/$Simulated/...
SC_75_Initialization;Initialization Routine;Testing[70];Boolean;false;root/stations/070-Testing/$Simulated/...
SC_75_ID_Delivery1;Identified Delivery - Bit 1;Testing[70];Boolean;false;root/stations/070-Testing/$Simulated/...
SC_75_ID_Delivery2;Identified Delivery - Bit 2;Testing[70];Boolean;false;root/stations/070-Testing/$Simulated/...
SC_75_Part_Del;Part Delivered;Testing[70];Boolean;false;root/stations/070-Testing/$Simulated/...
SC_75_RQ_Part_Del;Requested Part Delivered;Testing[70];Boolean;false;root/stations/070-Testing/$Simulated/...
SC_75_RQ_Wrong;Requested Wrong Part;Testing[70];Boolean;false;root/stations/070-Testing/$Simulated/...
SC_75_Identified80;Identified Delivery;Testing[70];Boolean;false;root/stations/070-Testing/$Simulated/...
SC_75_Requested80;Requested Delivery;Testing[70];Boolean;false;root/stations/070-Testing/$Simulated/...
SC_72_Profibus;Profibus OK;Testing[70];Boolean;false;root/stations/070-Testing/$Simulated/...
SC_75_RQ_Delivery1;Requested Delivery - Bit 1;Testing[70];Boolean;false;root/stations/070-Testing/$Simulated/...
SC_75_RQ_Delivery2;Requested Delivery - Bit 2;Testing[70];Boolean;false;root/stations/070-Testing/$Simulated/...
SC_75_Identified;Identified Delivery;Testing[70];Boolean;false;root/stations/070-Testing/$Simulated/...
SC_75_Requested;Requested Delivery;Testing[70];Boolean;false;root/stations/070-Testing/$Simulated/...
O_80_Mag_Full;Magazine full;Distributing[80];Boolean;false;root/stations/080-Distributing/$Sensors/...
O_80_Pist_Back;Piston in back position;Distributing[80];Boolean;false;root/stations/080-Distributing/$Sensors/...
O_80_Pist_Fwd;Piston in forward position;Distributing[80];Boolean;false;root/stations/080-Distributing/$Sensors/...
O_80_Part_Stuck;Part stuck in arm;Distributing[80];Boolean;false;root/stations/080-Distributing/$Sensors/...
O_80_Arm_Mag;Arm in magazine position;Distributing[80];Boolean;false;root/stations/080-Distributing/$Sensors/...
O_80_Arm_Del;Arm in delivery (elevator) position;Distributing[80];Boolean;false;root/stations/080-Distributing/$Sensors/...
O_80_Mag_Empty;Magazine Empty;Distributing[80];Boolean;false;root/stations/080-Distributing/$Sensors/...
O_81_Start;Start Button;Distributing[80];Boolean;false;root/stations/080-Distributing/$Sensors/...
O_81_Stop;Stop Button;Distributing[80];Boolean;false;root/stations/080-Distributing/$Sensors/...
O_81_Key_Pos;Key position;Distributing[80];Boolean;false;root/stations/080-Distributing/$Sensors/...
O_81_Reset;Reset Button;Distributing[80];Boolean;false;root/stations/080-Distributing/$Sensors/...
O_81_Panel_I4;Panel I4 (Outside connection);Distributing[80];Boolean;false;root/stations/080-Distributing/$Sensors/...
O_81_Panel_I5;Panel I5 (Outside connection);Distributing[80];Boolean;false;root/stations/080-Distributing/$Sensors/...
O_81_Panel_I6;Panel I6 (Outside connection);Distributing[80];Boolean;false;root/stations/080-Distributing/$Sensors/...
O_81_Panel_I7;Panel I7 (Outside connection);Distributing[80];Boolean;false;root/stations/080-Distributing/$Sensors/...
I_80_Pist_Adv;Pushes part out of the magazine;Distributing[80];Boolean;false;root/stations/080-Distributing/$Actuators/...
I_80_Suction_On;Suction On;Distributing[80];Boolean;false;root/stations/080-Distributing/$Actuators/...
I_80_Suction_Off;Suction Off;Distributing[80];Boolean;false;root/stations/080-Distributing/$Actuators/...
I_80_Arm_2_Del;Moves arm to delivery (elevator);Distributing[80];Boolean;false;root/stations/080-Distributing/$Actuators/...
I_80_Arm_2_Mag;Moves arm to magazine;Distributing[80];Boolean;false;root/stations/080-Distributing/$Actuators/...
I_81_Led_Start;Start LED;Distributing[80];Boolean;false;root/stations/080-Distributing/$Actuators/...
I_81_Led_Reset;Reset LED;Distributing[80];Boolean;false;root/stations/080-Distributing/$Actuators/...
I_81_Led_Extra1;Extra1 LED;Distributing[80];Boolean;false;root/stations/080-Distributing/$Actuators/...
I_81_Led_Extra2;Extra2 LED;Distributing[80];Boolean;false;root/stations/080-Distributing/$Actuators/...
I_81_Panel_O4;Panel O4 (Outside connection);Distributing[80];Boolean;false;root/stations/080-Distributing/$Actuators/...
I_81_Panel_O5;Panel O5 (Outside connection);Distributing[80];Boolean;false;root/stations/080-Distributing/$Actuators/...
I_81_Panel_O6;Panel O6 (Outside connection);Distributing[80];Boolean;false;root/stations/080-Distributing/$Actuators/...
I_81_Panel_O7;Panel O7 (Outside connection);Distributing[80];Boolean;false;root/stations/080-Distributing/$Actuators/...
F_82_Pist_Adv;Pushes part out of the magazine;Distributing[80];Boolean;false;root/stations/080-Distributing/$Feedback/...
F_82_Suction_On;Suction On;Distributing[80];Boolean;false;root/stations/080-Distributing/$Feedback/...
F_82_Suction_Off;Suction Off;Distributing[80];Boolean;false;root/stations/080-Distributing/$Feedback/...
F_82_Arm_2_Del;Moves arm to delivery (elevator);Distributing[80];Boolean;false;root/stations/080-Distributing/$Feedback/...
F_82_Arm_2_Mag;Moves arm to magazine;Distributing[80];Boolean;false;root/stations/080-Distributing/$Feedback/...
F_83_Led_Start;Start LED;Distributing[80];Boolean;false;root/stations/080-Distributing/$Feedback/...
F_83_Led_Reset;Reset LED;Distributing[80];Boolean;false;root/stations/080-Distributing/$Feedback/...
F_83_Led_Extra1;Extra1 LED;Distributing[80];Boolean;false;root/stations/080-Distributing/$Feedback/...
F_83_Led_Extra2;Extra2 LED;Distributing[80];Boolean;false;root/stations/080-Distributing/$Feedback/...
F_83_Panel_O4;Panel O4 (Outside connection);Distributing[80];Boolean;false;root/stations/080-Distributing/$Feedback/...
F_83_Panel_O5;Panel O5 (Outside connection);Distributing[80];Boolean;false;root/stations/080-Distributing/$Feedback/...
F_83_Panel_O6;Panel O6 (Outside connection);Distributing[80];Boolean;false;root/stations/080-Distributing/$Feedback/...
F_83_Panel_O7;Panel O7 (Outside connection);Distributing[80];Boolean;false;root/stations/080-Distributing/$Feedback/...
C_82_Profibus;Profibus OK;Distributing[80];Boolean;false;root/stations/080-Distributing/$Control/...
C_83_RQ_Parts;Number of Requested Parts;Distributing[80];Byte;;root/stations/080-Distributing/$Control/...
C_85_Initialization;Initialization Routine;Distributing[80];Boolean;false;root/stations/080-Distributing/$Control/...
C_85_Start;Start Production;Distributing[80];Boolean;false;root/stations/080-Distributing/$Control/...
C_85_Single;Single Mode;Distributing[80];Boolean;false;root/stations/080-Distributing/$Control/...
C_85_Continuous;Continuous Mode;Distributing[80];Boolean;false;root/stations/080-Distributing/$Control/...
C_85_Counted;Counted Mode;Distributing[80];Boolean;false;root/stations/080-Distributing/$Control/...
SS_80_Mag_Full;Magazine full;Distributing[80];Boolean;false;root/stations/080-Distributing/$Simulated/...
SS_80_Pist_Back;Piston in back position;Distributing[80];Boolean;false;root/stations/080-Distributing/$Simulated/...
SS_80_Pist_Fwd;Piston in forward position;Distributing[80];Boolean;false;root/stations/080-Distributing/$Simulated/...
SS_80_Part_Stuck;Part stuck in arm;Distributing[80];Boolean;false;root/stations/080-Distributing/$Simulated/...
SS_80_Arm_Mag;Arm in magazine position;Distributing[80];Boolean;false;root/stations/080-Distributing/$Simulated/...
SS_80_Arm_Del;Arm in delivery (elevator) position;Distributing[80];Boolean;false;root/stations/080-Distributing/$Simulated/...
SS_80_Mag_Empty;Magazine Empty;Distributing[80];Boolean;false;root/stations/080-Distributing/$Simulated/...
SS_81_Start;Start LED;Distributing[80];Boolean;false;root/stations/080-Distributing/$Simulated/...
SS_81_Stop;Reset LED;Distributing[80];Boolean;false;root/stations/080-Distributing/$Simulated/...
SS_81_Key_Pos;Extra1 LED;Distributing[80];Boolean;false;root/stations/080-Distributing/$Simulated/...
SS_81_Reset;Extra2 LED;Distributing[80];Boolean;false;root/stations/080-Distributing/$Simulated/...
SS_81_Panel_I4;Panel O4 (Outside connection);Distributing[80];Boolean;false;root/stations/080-Distributing/$Simulated/...
SS_81_Panel_I5;Panel O5 (Outside connection);Distributing[80];Boolean;false;root/stations/080-Distributing/$Simulated/...
SS_81_Panel_I6;Panel O6 (Outside connection);Distributing[80];Boolean;false;root/stations/080-Distributing/$Simulated/...
SS_81_Panel_I7;Panel O7 (Outside connection);Distributing[80];Boolean;false;root/stations/080-Distributing/$Simulated/...
SA_80_Pist_Adv;Pushes part out of the magazine;Distributing[80];Boolean;false;root/stations/080-Distributing/$Simulated/...
SA_80_Suction_On;Suction On;Distributing[80];Boolean;false;root/stations/080-Distributing/$Simulated/...
SA_80_Suction_Off;Suction Off;Distributing[80];Boolean;false;root/stations/080-Distributing/$Simulated/...
SA_80_Arm_2_Del;Moves arm to delivery (elevator);Distributing[80];Boolean;false;root/stations/080-Distributing/$Simulated/...
SA_80_Arm_2_Mag;Moves arm to magazine;Distributing[80];Boolean;false;root/stations/080-Distributing/$Simulated/...
SA_81_Led_Start;Start LED;Distributing[80];Boolean;false;root/stations/080-Distributing/$Simulated/...
SA_81_Led_Reset;Reset LED;Distributing[80];Boolean;false;root/stations/080-Distributing/$Simulated/...
SA_81_Led_Extra1;Extra1 LED;Distributing[80];Boolean;false;root/stations/080-Distributing/$Simulated/...
SA_81_Led_Extra2;Extra2 LED;Distributing[80];Boolean;false;root/stations/080-Distributing/$Simulated/...
SA_81_Panel_O4;Panel O4 (Outside connection);Distributing[80];Boolean;false;root/stations/080-Distributing/$Simulated/...
SA_81_Panel_O5;Panel O5 (Outside connection);Distributing[80];Boolean;false;root/stations/080-Distributing/$Simulated/...
SA_81_Panel_O6;Panel O6 (Outside connection);Distributing[80];Boolean;false;root/stations/080-Distributing/$Simulated/...
SA_81_Panel_O7;Panel O7 (Outside connection);Distributing[80];Boolean;false;root/stations/080-Distributing/$Simulated/...
SC_85_Initialization;Initialization Routine;Distributing[80];Boolean;false;root/stations/080-Distributing/$Simulated/...
SC_82_Profibus;Profibus OK;Distributing[80];Boolean;false;root/stations/080-Distributing/$Simulated/...
SC_83_RQ_Parts;Number of Requested Parts;Distributing[80];Byte;;root/stations/080-Distributing/$Simulated/...
SC_85_Start;Start Production;Distributing[80];Boolean;false;root/stations/080-Distributing/$Simulated/...
SC_85_Single;Single Mode;Distributing[80];Boolean;false;root/stations/080-Distributing/$Simulated/...
SC_85_Continuous;Continuous Mode;Distributing[80];Boolean;false;root/stations/080-Distributing/$Simulated/...
SC_85_Counted;Counted Mode;Distributing[80];Boolean;false;root/stations/080-Distributing/$Simulated/...
O_90_Part_Reserve;Part in reserve position;Handling[90];Boolean;false;root/stations/090-Handling2/$Sensors/...
O_90_Claw_Del;Claw at delivery position;Handling[90];Boolean;false;root/stations/090-Handling2/$Sensors/...
O_90_Claw_Cart;Claw at cart position;Handling[90];Boolean;false;root/stations/090-Handling2/$Sensors/...
O_90_Claw_Reserve;Claw at reserve position;Handling[90];Boolean;false;root/stations/090-Handling2/$Sensors/...
O_90_Claw_Low;Claw Low;Handling[90];Boolean;false;root/stations/090-Handling2/$Sensors/...
O_90_Claw_High;Claw high;Handling[90];Boolean;false;root/stations/090-Handling2/$Sensors/...
O_90_Part_in_Claw;Part in claw;Handling[90];Boolean;false;root/stations/090-Handling2/$Sensors/...
O_91_Start;Start Button;Handling[90];Boolean;false;root/stations/090-Handling2/$Sensors/...
O_91_Stop;Stop Button;Handling[90];Boolean;false;root/stations/090-Handling2/$Sensors/...
O_91_Key_Pos;Key position;Handling[90];Boolean;false;root/stations/090-Handling2/$Sensors/...
O_91_Reset;Reset Button;Handling[90];Boolean;false;root/stations/090-Handling2/$Sensors/...
O_91_Panel_I4;Panel I4 (Outside connection);Handling[90];Boolean;false;root/stations/090-Handling2/$Sensors/...
O_91_Panel_I5;Panel I5 (Outside connection);Handling[90];Boolean;false;root/stations/090-Handling2/$Sensors/...
O_91_Panel_I6;Panel I6 (Outside connection);Handling[90];Boolean;false;root/stations/090-Handling2/$Sensors/...
O_91_Panel_I7;Panel I7 (Outside connection);Handling[90];Boolean;false;root/stations/090-Handling2/$Sensors/...
I_90_Claw_2_Cart;Moves claw to cart position;Handling[90];Boolean;false;root/stations/090-Handling2/$Actuators/...
I_90_Claw_2_Del;Moves claw to delivery position;Handling[90];Boolean;false;root/stations/090-Handling2/$Actuators/...
I_90_Claw_Down;Lowers claw;Handling[90];Boolean;false;root/stations/090-Handling2/$Actuators/...
I_90_Close_Claw;Closes claw;Handling[90];Boolean;false;root/stations/090-Handling2/$Actuators/...
I_91_Led_Start;Start LED;Handling[90];Boolean;false;root/stations/090-Handling2/$Actuators/...
I_91_Led_Reset;Reset LED;Handling[90];Boolean;false;root/stations/090-Handling2/$Actuators/...
I_91_Led_Extra1;Extra1 LED;Handling[90];Boolean;false;root/stations/090-Handling2/$Actuators/...
I_91_Led_Extra2;Extra2 LED;Handling[90];Boolean;false;root/stations/090-Handling2/$Actuators/...
I_91_Panel_O4;Panel O4 (Outside connection);Handling[90];Boolean;false;root/stations/090-Handling2/$Actuators/...
I_91_Panel_O5;Panel O5 (Outside connection);Handling[90];Boolean;false;root/stations/090-Handling2/$Actuators/...
I_91_Panel_O6;Panel O6 (Outside connection);Handling[90];Boolean;false;root/stations/090-Handling2/$Actuators/...
I_91_Panel_O7;Panel O7 (Outside connection);Handling[90];Boolean;false;root/stations/090-Handling2/$Actuators/...
F_92_Claw_2_Cart;Moves claw to cart position;Handling[90];Boolean;false;root/stations/090-Handling2/$Feedback/...
F_92_Claw_2_Del;Moves claw to delivery position;Handling[90];Boolean;false;root/stations/090-Handling2/$Feedback/...
F_92_Claw_Down;Lowers claw;Handling[90];Boolean;false;root/stations/090-Handling2/$Feedback/...
F_92_Close_Claw;Closes claw;Handling[90];Boolean;false;root/stations/090-Handling2/$Feedback/...
F_93_Led_Start;Start LED;Handling[90];Boolean;false;root/stations/090-Handling2/$Feedback/...
F_93_Led_Reset;Reset LED;Handling[90];Boolean;false;root/stations/090-Handling2/$Feedback/...
F_93_Led_Extra1;Extra1 LED;Handling[90];Boolean;false;root/stations/090-Handling2/$Feedback/...
F_93_Led_Extra2;Extra2 LED;Handling[90];Boolean;false;root/stations/090-Handling2/$Feedback/...
F_93_Panel_O4;Panel O4 (Outside connection);Handling[90];Boolean;false;root/stations/090-Handling2/$Feedback/...
F_93_Panel_O5;Panel O5 (Outside connection);Handling[90];Boolean;false;root/stations/090-Handling2/$Feedback/...
F_93_Panel_O6;Panel O6 (Outside connection);Handling[90];Boolean;false;root/stations/090-Handling2/$Feedback/...
F_93_Panel_O7;Panel O7 (Outside connection);Handling[90];Boolean;false;root/stations/090-Handling2/$Feedback/...
A_94_Request;Request cart;Handling[90];Boolean;false;root/stations/090-Handling2/$AS-i/...
A_94_No_Cart;No Cart at Station;Handling[90];Boolean;false;root/stations/090-Handling2/$AS-i/...
A_94_Cart_Full;Cart Full at Station;Handling[90];Boolean;false;root/stations/090-Handling2/$AS-i/...
A_94_Cart_Stat;Cart in station;Handling[90];Boolean;false;root/stations/090-Handling2/$AS-i/...
A_94_Cart_Next;Cart near next station;Handling[90];Boolean;false;root/stations/090-Handling2/$AS-i/...
A_94_Optic;Optic sensor on station;Handling[90];Boolean;false;root/stations/090-Handling2/$AS-i/...
A_94_Count;Cart count identifier;Handling[90];Boolean;false;root/stations/090-Handling2/$AS-i/...
A_94_Pist_Bck;Piston in back position;Handling[90];Boolean;false;root/stations/090-Handling2/$AS-i/...
A_94_Release_FB;Pin release feedback;Handling[90];Boolean;false;root/stations/090-Handling2/$AS-i/...
C_95_Initialization;Initialization Routine;Handling[90];Boolean;false;root/stations/090-Handling2/$Control/...
C_95_PD_Proc;Part Delivered to Processing;Handling[90];Boolean;false;root/stations/090-Handling2/$Control/...
C_95_PD_Cart;Part Delivered to Cart;Handling[90];Boolean;false;root/stations/090-Handling2/$Control/...
SC_95_Start;Strat Arm Movement;Handling[90];Boolean;false;root/stations/090-Handling2/$Control/...
SC_95_Cart2Del;Cart to Delivery Mode;Handling[90];Boolean;false;root/stations/090-Handling2/$Control/...
SC_95_Del2Cart;Delivery to Cart Mode;Handling[90];Boolean;false;root/stations/090-Handling2/$Control/...
SS_90_Part_Reserve;Part in reserve position;Handling[90];Boolean;false;root/stations/090-Handling2/$Simulated/...
SS_90_Claw_Del;Claw at delivery position;Handling[90];Boolean;false;root/stations/090-Handling2/$Simulated/...
SS_90_Claw_Cart;Claw at reserve position;Handling[90];Boolean;false;root/stations/090-Handling2/$Simulated/...
SS_90_Claw_Reserve;Claw at cart position;Handling[90];Boolean;false;root/stations/090-Handling2/$Simulated/...
SS_90_Claw_Low;Claw Low;Handling[90];Boolean;false;root/stations/090-Handling2/$Simulated/...
SS_90_Claw_High;Claw high;Handling[90];Boolean;false;root/stations/090-Handling2/$Simulated/...
SS_90_Part_in_Claw;Part in claw;Handling[90];Boolean;false;root/stations/090-Handling2/$Simulated/...
SS_91_Start;Start Button;Handling[90];Boolean;false;root/stations/090-Handling2/$Simulated/...
SS_91_Stop;Stop Button;Handling[90];Boolean;false;root/stations/090-Handling2/$Simulated/...
SS_91_Key_Pos;Key position;Handling[90];Boolean;false;root/stations/090-Handling2/$Simulated/...
SS_91_Reset;Reset Button;Handling[90];Boolean;false;root/stations/090-Handling2/$Simulated/...
SS_91_Panel_I4;Panel I4 (Outside connection);Handling[90];Boolean;false;root/stations/090-Handling2/$Simulated/...
SS_91_Panel_I5;Panel I5 (Outside connection);Handling[90];Boolean;false;root/stations/090-Handling2/$Simulated/...
SS_91_Panel_I6;Panel I6 (Outside connection);Handling[90];Boolean;false;root/stations/090-Handling2/$Simulated/...
SS_91_Panel_I7;Panel I7 (Outside connection);Handling[90];Boolean;false;root/stations/090-Handling2/$Simulated/...
SA_90_Claw_2_Cart;Moves claw to cart position;Handling[90];Boolean;false;root/stations/090-Handling2/$Simulated/...
SA_90_Claw_2_Del;Moves claw to delivery position;Handling[90];Boolean;false;root/stations/090-Handling2/$Simulated/...
SA_90_Claw_Down;Lowers claw;Handling[90];Boolean;false;root/stations/090-Handling2/$Simulated/...
SA_90_Close_Claw;Closes claw;Handling[90];Boolean;false;root/stations/090-Handling2/$Simulated/...
SA_91_Led_Start;Start LED;Handling[90];Boolean;false;root/stations/090-Handling2/$Simulated/...
SA_91_Led_Reset;Reset LED;Handling[90];Boolean;false;root/stations/090-Handling2/$Simulated/...
SA_91_Led_Extra1;Extra1 LED;Handling[90];Boolean;false;root/stations/090-Handling2/$Simulated/...
SA_91_Led_Extra2;Extra2 LED;Handling[90];Boolean;false;root/stations/090-Handling2/$Simulated/...
SA_91_Panel_O4;Panel O4 (Outside connection);Handling[90];Boolean;false;root/stations/090-Handling2/$Simulated/...
SA_91_Panel_O5;Panel O5 (Outside connection);Handling[90];Boolean;false;root/stations/090-Handling2/$Simulated/...
SA_91_Panel_O6;Panel O6 (Outside connection);Handling[90];Boolean;false;root/stations/090-Handling2/$Simulated/...
SA_91_Panel_O7;Panel O7 (Outside connection);Handling[90];Boolean;false;root/stations/090-Handling2/$Simulated/...
SC_95_Initialization;Initialization Routine;Handling[90];Boolean;false;root/stations/090-Handling2/$Simulated/...
SC_95_PD_Proc;Part Delivered to Processing;Handling[90];Boolean;false;root/stations/090-Handling2/$Simulated/...
SC_95_PD_Cart;Part Delivered to Cart;Handling[90];Boolean;false;root/stations/090-Handling2/$Simulated/...
SC_92_Profibus;Profibus OK;Handling[90];Boolean;false;root/stations/090-Handling2/$Simulated/...
SC_95_Start;Strat Arm Movement;Handling[90];Boolean;false;root/stations/090-Handling2/$Simulated/...
SC_95_Cart2Del;Cart to Delivery Mode;Handling[90];Boolean;false;root/stations/090-Handling2/$Simulated/...
SC_95_Del2Cart;Delivery to Cart Mode;Handling[90];Boolean;false;root/stations/090-Handling2/$Simulated/...
O_100_PInit_Pos;Part in initial position;Processing[100];Boolean;false;root/stations/100-Processing/$Sensors/...
O_100_PDrill_Pos;Part in drill position;Processing[100];Boolean;false;root/stations/100-Processing/$Sensors/...
O_100_PTest_Pos;Part in test position;Processing[100];Boolean;false;root/stations/100-Processing/$Sensors/...
O_100_SDrill_High;Drill in high position;Processing[100];Boolean;false;root/stations/100-Processing/$Sensors/...
O_100_SDrill_Low;Drill in low position;Processing[100];Boolean;false;root/stations/100-Processing/$Sensors/...
O_100_RT_Sensor;Rotating table sensor;Processing[100];Boolean;false;root/stations/100-Processing/$Sensors/...
O_100_PTest_Ok;Test Ok;Processing[100];Boolean;false;root/stations/100-Processing/$Sensors/...
O_101_Start;Start Button;Processing[100];Boolean;false;root/stations/100-Processing/$Sensors/...
O_101_Stop;Stop Button;Processing[100];Boolean;false;root/stations/100-Processing/$Sensors/...
O_101_Key_Pos;Key position;Processing[100];Boolean;false;root/stations/100-Processing/$Sensors/...
O_101_Reset;Reset Button;Processing[100];Boolean;false;root/stations/100-Processing/$Sensors/...
O_101_Panel_I4;Panel I4 (Outside connection);Processing[100];Boolean;false;root/stations/100-Processing/$Sensors/...
O_101_Panel_I5;Panel I5 (Outside connection);Processing[100];Boolean;false;root/stations/100-Processing/$Sensors/...
O_101_Panel_I6;Panel I6 (Outside connection);Processing[100];Boolean;false;root/stations/100-Processing/$Sensors/...
O_101_Panel_I7;Panel I7 (Outside connection);Processing[100];Boolean;false;root/stations/100-Processing/$Sensors/...
I_100_Drill_On;Turns drill on;Processing[100];Boolean;false;root/stations/100-Processing/$Actuators/...
I_100_RT_On;Moves rotating table;Processing[100];Boolean;false;root/stations/100-Processing/$Actuators/...
I_100_Drill_Down;Lowers drill;Processing[100];Boolean;false;root/stations/100-Processing/$Actuators/...
I_100_Drill_Up;Raises drill;Processing[100];Boolean;false;root/stations/100-Processing/$Actuators/...
I_100_Drill_Pin;Advances drill pin;Processing[100];Boolean;false;root/stations/100-Processing/$Actuators/...
I_100_Test_Pin;Advances test pin;Processing[100];Boolean;false;root/stations/100-Processing/$Actuators/...
I_101_Led_Start;Start LED;Processing[100];Boolean;false;root/stations/100-Processing/$Actuators/...
I_101_Led_Reset;Reset LED;Processing[100];Boolean;false;root/stations/100-Processing/$Actuators/...
I_101_Led_Extra1;Extra1 LED;Processing[100];Boolean;false;root/stations/100-Processing/$Actuators/...
I_101_Led_Extra2;Extra2 LED;Processing[100];Boolean;false;root/stations/100-Processing/$Actuators/...
I_101_Panel_O4;Panel O4 (Outside connection);Processing[100];Boolean;false;root/stations/100-Processing/$Actuators/...
I_101_Panel_O5;Panel O5 (Outside connection);Processing[100];Boolean;false;root/stations/100-Processing/$Actuators/...
I_101_Panel_O6;Panel O6 (Outside connection);Processing[100];Boolean;false;root/stations/100-Processing/$Actuators/...
I_101_Panel_O7;Panel O7 (Outside connection);Processing[100];Boolean;false;root/stations/100-Processing/$Actuators/...
F_102_Drill_On;Turns drill on;Processing[100];Boolean;false;root/stations/100-Processing/$Feedback/...
F_102_RT_On;Moves rotating table;Processing[100];Boolean;false;root/stations/100-Processing/$Feedback/...
F_102_Drill_Down;Lowers drill;Processing[100];Boolean;false;root/stations/100-Processing/$Feedback/...
F_102_Drill_Up;Raises drill;Processing[100];Boolean;false;root/stations/100-Processing/$Feedback/...
F_102_Drill_Pin;Advances drill pin;Processing[100];Boolean;false;root/stations/100-Processing/$Feedback/...
F_102_Test_Pin;Advances test pin;Processing[100];Boolean;false;root/stations/100-Processing/$Feedback/...
F_103_Led_Start;Start LED;Processing[100];Boolean;false;root/stations/100-Processing/$Feedback/...
F_103_Led_Reset;Reset LED;Processing[100];Boolean;false;root/stations/100-Processing/$Feedback/...
F_103_Led_Extra1;Extra1 LED;Processing[100];Boolean;false;root/stations/100-Processing/$Feedback/...
F_103_Led_Extra2;Extra2 LED;Processing[100];Boolean;false;root/stations/100-Processing/$Feedback/...
F_103_Panel_O4;Panel O4 (Outside connection);Processing[100];Boolean;false;root/stations/100-Processing/$Feedback/...
F_103_Panel_O5;Panel O5 (Outside connection);Processing[100];Boolean;false;root/stations/100-Processing/$Feedback/...
F_103_Panel_O6;Panel O6 (Outside connection);Processing[100];Boolean;false;root/stations/100-Processing/$Feedback/...
F_103_Panel_O7;Panel O7 (Outside connection);Processing[100];Boolean;false;root/stations/100-Processing/$Feedback/...
C_105_Initialization;Initialization Routine;Processing[100];Boolean;false;root/stations/100-Processing/$Control/...
C_105_Part_ready;Part Ready for Transport;Processing[100];Boolean;false;root/stations/100-Processing/$Control/...
C_102_Profibus;Profibus OK;Processing[100];Boolean;false;root/stations/100-Processing/$Control/...
C_105_Start;Start;Processing[100];Boolean;false;root/stations/100-Processing/$Control/...
C_105_Test;Test Only Mode;Processing[100];Boolean;false;root/stations/100-Processing/$Control/...
C_105_TestDrill;Test and Drill Mode;Processing[100];Boolean;false;root/stations/100-Processing/$Control/...
C_105_Rotation;Rotate the Table only;Processing[100];Boolean;false;root/stations/100-Processing/$Control/...
SS_100_PInit_Pos;Part in initial position;Processing[100];Boolean;false;root/stations/100-Processing/$Simulated/...
SS_100_PDrill_Pos;Part in drill position;Processing[100];Boolean;false;root/stations/100-Processing/$Simulated/...
SS_100_PTest_Pos;Part in test position;Processing[100];Boolean;false;root/stations/100-Processing/$Simulated/...
SS_100_SDrill_High;Drill in high position;Processing[100];Boolean;false;root/stations/100-Processing/$Simulated/...
SS_100_SDrill_Low;Drill in low position;Processing[100];Boolean;false;root/stations/100-Processing/$Simulated/...
SS_100_RT_Sensor;Rotating table sensor;Processing[100];Boolean;false;root/stations/100-Processing/$Simulated/...
SS_100_PTest_Ok;Test Ok;Processing[100];Boolean;false;root/stations/100-Processing/$Simulated/...
SS_101_Start;Start Button;Processing[100];Boolean;false;root/stations/100-Processing/$Simulated/...
SS_101_Stop;Stop Button;Processing[100];Boolean;false;root/stations/100-Processing/$Simulated/...
SS_101_Key_Pos;Key position;Processing[100];Boolean;false;root/stations/100-Processing/$Simulated/...
SS_101_Reset;Reset Button;Processing[100];Boolean;false;root/stations/100-Processing/$Simulated/...
SS_101_Panel_I4;Panel I4 (Outside connection);Processing[100];Boolean;false;root/stations/100-Processing/$Simulated/...
SS_101_Panel_I5;Panel I5 (Outside connection);Processing[100];Boolean;false;root/stations/100-Processing/$Simulated/...
SS_101_Panel_I6;Panel I6 (Outside connection);Processing[100];Boolean;false;root/stations/100-Processing/$Simulated/...
SS_101_Panel_I7;Panel I7 (Outside connection);Processing[100];Boolean;false;root/stations/100-Processing/$Simulated/...
SA_100_Drill_On;Turns drill on;Processing[100];Boolean;false;root/stations/100-Processing/$Simulated/...
SA_100_RT_On;Moves rotating table;Processing[100];Boolean;false;root/stations/100-Processing/$Simulated/...
SA_100_Drill_Down;Lowers drill;Processing[100];Boolean;false;root/stations/100-Processing/$Simulated/...
SA_100_Drill_Up;Raises drill;Processing[100];Boolean;false;root/stations/100-Processing/$Simulated/...
SA_100_Drill_Pin;Advances drill pin;Processing[100];Boolean;false;root/stations/100-Processing/$Simulated/...
SA_100_Test_Pin;Advances test pin;Processing[100];Boolean;false;root/stations/100-Processing/$Simulated/...
SA_101_Led_Start;Start LED;Processing[100];Boolean;false;root/stations/100-Processing/$Simulated/...
SA_101_Led_Reset;Reset LED;Processing[100];Boolean;false;root/stations/100-Processing/$Simulated/...
SA_101_Led_Extra1;Extra1 LED;Processing[100];Boolean;false;root/stations/100-Processing/$Simulated/...
SA_101_Led_Extra2;Extra2 LED;Processing[100];Boolean;false;root/stations/100-Processing/$Simulated/...
SA_101_Panel_O4;Panel O4 (Outside connection);Processing[100];Boolean;false;root/stations/100-Processing/$Simulated/...
SA_101_Panel_O5;Panel O5 (Outside connection);Processing[100];Boolean;false;root/stations/100-Processing/$Simulated/...
SA_101_Panel_O6;Panel O6 (Outside connection);Processing[100];Boolean;false;root/stations/100-Processing/$Simulated/...
SA_101_Panel_O7;Panel O7 (Outside connection);Processing[100];Boolean;false;root/stations/100-Processing/$Simulated/...
SC_105_Initialization;Initialization Routine;Processing[100];Boolean;false;root/stations/100-Processing/$Simulated/...
SC_105_Part_ready;Part Ready for Transport;Processing[100];Boolean;false;root/stations/100-Processing/$Simulated/...
SC_102_Profibus;Profibus OK;Processing[100];Boolean;false;root/stations/100-Processing/$Simulated/...
SC_105_Start;Start;Processing[100];Boolean;false;root/stations/100-Processing/$Simulated/...
SC_105_Test;Test Only Mode;Processing[100];Boolean;false;root/stations/100-Processing/$Simulated/...
SC_105_TestDrill;Test and Drill Mode;Processing[100];Boolean;false;root/stations/100-Processing/$Simulated/...
SC_105_Rotation;Rotate the Table only;Processing[100];Boolean;false;root/stations/100-Processing/$Simulated/...
$END;$END;$END;$END;$END;$END
