variableName;function;nameSpace;dataType;initialValue;address
20_O_On;Liga;Master[20];Boolean;False;root/stations/020-Master/$Inputs/...
20_O_Off;Desliga;Master[20];Boolean;False;root/stations/020-Master/$Inputs/...
20_O_Controler_On;Controladora Ligada;Master[20];Boolean;False;root/stations/020-Master/$Inputs/...
20_I_Led_On;Liga Led On;Master[20];Boolean;False;root/stations/020-Master/$Outputs/...
20_I_Led_Off;Liga Led Of;Master[20];Boolean;False;root/stations/020-Master/$Outputs/...
20_I_Conveyor;Liga Esteira;Master[20];Boolean;False;root/stations/020-Master/$Outputs/...
22_F_Led_On;Liga Led On;Master[20];Boolean;False;root/stations/020-Master/$Feedback/...
22_F_Led_Off;Liga Led Of;Master[20];Boolean;False;root/stations/020-Master/$Feedback/...
22_F_Conveyor;Liga Esteira;Master[20];Boolean;False;root/stations/020-Master/$Feedback/...
34_O_Cart_Stat;Carrinho Na Estação;AS-IConveyorTest[30];Boolean;False;root/stations/030-Conveyor/Test/$Inputs/...
34_O_Cart_Next;Carrinho Antes da Próxima;AS-IConveyorTest[30];Boolean;False;root/stations/030-Conveyor/Test/$Inputs/...
34_O_Optic;Sensor Peça;AS-IConveyorTest[30];Boolean;False;root/stations/030-Conveyor/Test/$Inputs/...
34_O_Count;Contagem (qual carrinho);AS-IConveyorTest[30];Boolean;False;root/stations/030-Conveyor/Test/$Inputs/...
34_O_Pist_Bck;Sensor Atuador;AS-IConveyorTest[30];Boolean;False;root/stations/030-Conveyor/Test/$Inputs/...
34_I_Cart_Test;Abre Pino Carrinho Testing;AS-IConveyorTest[30];Boolean;False;root/stations/030-Conveyor/Test/$Outputs/...
34_C_Request;Solicita Carrinho testing;AS-IConveyorTest[30];Boolean;False;root/stations/030-Conveyor/Test/$Outputs/...
34_F_Release_FB;FeedBack Pino;AS-IConveyorTest[30];Boolean;False;root/stations/030-Conveyor/Test/$Feedback/...
35_O_Cart_Stat;Carrinho Na Estação;AS-IConveyorProc[30];Boolean;False;root/stations/030-Conveyor/Processing/$Inputs/...
35_O_Cart_Next;Carrinho Antes da Próxima;AS-IConveyorProc[30];Boolean;False;root/stations/030-Conveyor/Processing/$Inputs/...
35_O_Optic;Sensor Peça;AS-IConveyorProc[30];Boolean;False;root/stations/030-Conveyor/Processing/$Inputs/...
35_O_Count;Contagem (qual carrinho);AS-IConveyorProc[30];Boolean;False;root/stations/030-Conveyor/Processing/$Inputs/...
35_O_Pist_Bck;Sensor Atuador;AS-IConveyorProc[30];Boolean;False;root/stations/030-Conveyor/Processing/$Inputs/...
35_I_Cart_Proc;Abre Pino Carrinho Processing;AS-IConveyorProc[30];Boolean;False;root/stations/030-Conveyor/Processing/$Outputs/...
35_C_Request;Solicita Carrinho Processing;AS-IConveyorProc[30];Boolean;False;root/stations/030-Conveyor/Processing/$Outputs/...
35_F_Release_FB;FeedBack Pino;AS-IConveyorProc[30];Boolean;False;root/stations/030-Conveyor/Processing/$Feedback/...
36_O_Cart_Stat;Carrinho Na Estação;AS-IConveyorVisi[30];Boolean;False;root/stations/030-Conveyor/Vision/$Inputs/...
36_O_Cart_Next;Carrinho Antes da Próxima;AS-IConveyorVisi[30];Boolean;False;root/stations/030-Conveyor/Vision/$Inputs/...
36_O_Optic;Sensor Peça;AS-IConveyorVisi[30];Boolean;False;root/stations/030-Conveyor/Vision/$Inputs/...
36_O_Count;Contagem (qual carrinho);AS-IConveyorVisi[30];Boolean;False;root/stations/030-Conveyor/Vision/$Inputs/...
36_O_Pist_Bck;Sensor Atuador;AS-IConveyorVisi[30];Boolean;False;root/stations/030-Conveyor/Vision/$Inputs/...
36_I_Cart_Vision;Abre Pino Carrinho Vision;AS-IConveyorVisi[30];Boolean;False;root/stations/030-Conveyor/Vision/$Outputs/...
36_C_Request;Solicita Carrinho Vision;AS-IConveyorVisi[30];Boolean;False;root/stations/030-Conveyor/Vision/$Outputs/...
36_F_Release_FB;FeedBack Pino;AS-IConveyorVisi[30];Boolean;False;root/stations/030-Conveyor/Vision/$Feedback/...
37_O_Cart_Stat;Carrinho Na Estação;AS-IConveyorRobo[30];Boolean;False;root/stations/030-Conveyor/Robot/$Inputs/...
37_O_Cart_Next;Carrinho Antes da Próxima;AS-IConveyorRobo[30];Boolean;False;root/stations/030-Conveyor/Robot/$Inputs/...
37_O_Optic;Sensor Peça;AS-IConveyorRobo[30];Boolean;False;root/stations/030-Conveyor/Robot/$Inputs/...
37_O_Count;Contagem (qual carrinho);AS-IConveyorRobo[30];Boolean;False;root/stations/030-Conveyor/Robot/$Inputs/...
37_O_Pist_Bck;Sensor Atuador;AS-IConveyorRobo[30];Boolean;False;root/stations/030-Conveyor/Robot/$Inputs/...
37_I_Cart_Robot;Abre Pino Carrinho Robot;AS-IConveyorRobo[30];Boolean;False;root/stations/030-Conveyor/Robot/$Outputs/...
37_C_Request;Solicita Carrinho Robot;AS-IConveyorRobo[30];Boolean;False;root/stations/030-Conveyor/Robot/$Outputs/...
37_F_Release_FB;FeedBack Pino;AS-IConveyorRobo[30];Boolean;False;root/stations/030-Conveyor/Robot/$Feedback/...
38_O_Cart_Stat;Carrinho Na Estação;AS-IConveyorStor[30];Boolean;False;root/stations/030-Conveyor/Storage/$Inputs/...
38_O_Cart_Next;Carrinho Antes da Próxima;AS-IConveyorStor[30];Boolean;False;root/stations/030-Conveyor/Storage/$Inputs/...
38_O_Optic;Sensor Peça;AS-IConveyorStor[30];Boolean;False;root/stations/030-Conveyor/Storage/$Inputs/...
38_O_Count;Contagem (qual carrinho);AS-IConveyorStor[30];Boolean;False;root/stations/030-Conveyor/Storage/$Inputs/...
38_O_Pist_Bck;Sensor Atuador;AS-IConveyorStor[30];Boolean;False;root/stations/030-Conveyor/Storage/$Inputs/...
38_I_Cart_Storage;Abre Pino Carrinho Storage;AS-IConveyorStor[30];Boolean;False;root/stations/030-Conveyor/Storage/$Outputs/...
38_C_Request;Solicita Carrinho Storage;AS-IConveyorStor[30];Boolean;False;root/stations/030-Conveyor/Storage/$Outputs/...
38_F_Release_FB;FeedBack Pino;AS-IConveyorStor[30];Boolean;False;root/stations/030-Conveyor/Storage/$Feedback/...
39_O_Cart_Stat;Carrinho Na Estação;AS-IConveyorSort[30];Boolean;False;root/stations/030-Conveyor/Sorting/$Inputs/...
39_O_Cart_Next;Carrinho Antes da Próxima;AS-IConveyorSort[30];Boolean;False;root/stations/030-Conveyor/Sorting/$Inputs/...
39_O_Optic;Sensor Peça;AS-IConveyorSort[30];Boolean;False;root/stations/030-Conveyor/Sorting/$Inputs/...
39_O_Count;Contagem (qual carrinho);AS-IConveyorSort[30];Boolean;False;root/stations/030-Conveyor/Sorting/$Inputs/...
39_O_Pist_Bck;Sensor Atuador;AS-IConveyorSort[30];Boolean;False;root/stations/030-Conveyor/Sorting/$Inputs/...
39_I_Cart_Sort;Abre Pino Carrinho Sorting;AS-IConveyorSort[30];Boolean;False;root/stations/030-Conveyor/Sorting/$Outputs/...
39_C_Request;Solicita Carrinho Sorting;AS-IConveyorSort[30];Boolean;False;root/stations/030-Conveyor/Sorting/$Outputs/...
39_F_Release_FB;FeedBack Pino;AS-IConveyorSort[30];Boolean;False;root/stations/030-Conveyor/Sorting/$Feedback/...
40_Input;;Storage[40];Boolean;False;root/stations/040-Storage/$Inputs/...
40_Output;;Storage[40];Boolean;False;root/stations/040-Storage/$Outputs/...
40_Feedback;;Storage[40];Boolean;False;root/stations/040-Storage/$Feedback/...
50_O_Part_Reserve;Sensor de Peça no Berço;Handling[50];Boolean;False;root/stations/050-Handling1/$Inputs/...
50_O_Claw_Cart;Sensor de Garra na Posição Berço;Handling[50];Boolean;False;root/stations/050-Handling1/$Inputs/...
50_O_Claw_Del;Sensor de Garra na Posição Entrega Peça;Handling[50];Boolean;False;root/stations/050-Handling1/$Inputs/...
50_O_Claw_Reserve;Sensor de Passagem do Meio do Trajeto;Handling[50];Boolean;False;root/stations/050-Handling1/$Inputs/...
50_O_Claw_Low;Garra abaixada;Handling[50];Boolean;False;root/stations/050-Handling1/$Inputs/...
50_O_Claw_High;Garra levantada;Handling[50];Boolean;False;root/stations/050-Handling1/$Inputs/...
50_O_Part_in_Claw;Peça na garra;Handling[50];Boolean;False;root/stations/050-Handling1/$Inputs/...
51_O_On;Liga;Handling[50];Boolean;False;root/stations/050-Handling1/$Inputs/...
51_O_Off;Desliga;Handling[50];Boolean;False;root/stations/050-Handling1/$Inputs/...
51_O_Key_Pos;Chave;Handling[50];Boolean;False;root/stations/050-Handling1/$Inputs/...
51_O_Reset;Reset;Handling[50];Boolean;False;root/stations/050-Handling1/$Inputs/...
51_O_Panel_I4;Painel I4 (Conexão banana);Handling[50];Boolean;False;root/stations/050-Handling1/$Inputs/...
51_O_Panel_I5;Painel I5 (Conexão banana);Handling[50];Boolean;False;root/stations/050-Handling1/$Inputs/...
51_O_Panel_I6;Painel I6 (Conexão banana);Handling[50];Boolean;False;root/stations/050-Handling1/$Inputs/...
51_O_Panel_I7;Painel 17 (Conexão banana);Handling[50];Boolean;False;root/stations/050-Handling1/$Inputs/...
50_I_Claw_2_Del;Movimenta Garra Sentido Berço;Handling[50];Boolean;False;root/stations/050-Handling1/$Outputs/...
50_I_Claw_2_Cart;Movimenta Garra Sentido Entrega de Peça;Handling[50];Boolean;False;root/stations/050-Handling1/$Outputs/...
50_I_Claw_Down;Abaixar Garra;Handling[50];Boolean;False;root/stations/050-Handling1/$Outputs/...
50_I_Close_Claw;Abrir Garra;Handling[50];Boolean;False;root/stations/050-Handling1/$Outputs/...
51_I_Led_Start;LED Start;Handling[50];Boolean;False;root/stations/050-Handling1/$Outputs/...
51_I_Led_Reset;LED Reset;Handling[50];Boolean;False;root/stations/050-Handling1/$Outputs/...
51_I_Led_Extra1;LED Extra 1;Handling[50];Boolean;False;root/stations/050-Handling1/$Outputs/...
51_I_Led_Extra2;LED Extra 2;Handling[50];Boolean;False;root/stations/050-Handling1/$Outputs/...
51_I_Panel_O4;Painel OUT 4 (Conexão banana);Handling[50];Boolean;False;root/stations/050-Handling1/$Outputs/...
51_I_Panel_O5;Painel OUT 5 (Conexão banana);Handling[50];Boolean;False;root/stations/050-Handling1/$Outputs/...
51_I_Panel_O6;Painel OUT 6 (Conexão banana);Handling[50];Boolean;False;root/stations/050-Handling1/$Outputs/...
51_I_Panel_O7;Painel OUT 7 (Conexão banana);Handling[50];Boolean;False;root/stations/050-Handling1/$Outputs/...
52_F_Claw_2_Del;Movimenta Garra Sentido Berço;Handling[50];Boolean;False;root/stations/050-Handling1/$Feedback/...
52_F_Claw_2_Cart;Movimenta Garra Sentido Entrega de Peça;Handling[50];Boolean;False;root/stations/050-Handling1/$Feedback/...
52_F_Claw_Down;Abaixar Garra;Handling[50];Boolean;False;root/stations/050-Handling1/$Feedback/...
52_F_Close_Claw;Abrir Garra;Handling[50];Boolean;False;root/stations/050-Handling1/$Feedback/...
53_F_Led_Start;LED Start;Handling[50];Boolean;False;root/stations/050-Handling1/$Feedback/...
53_F_Led_Reset;LED Reset;Handling[50];Boolean;False;root/stations/050-Handling1/$Feedback/...
53_F_Led_Extra1;LED Extra 1;Handling[50];Boolean;False;root/stations/050-Handling1/$Feedback/...
53_F_Led_Extra2;LED Extra 2;Handling[50];Boolean;False;root/stations/050-Handling1/$Feedback/...
53_F_Panel_O4;Painel OUT 4 (Conexão banana);Handling[50];Boolean;False;root/stations/050-Handling1/$Feedback/...
53_F_Panel_O5;Painel OUT 5 (Conexão banana);Handling[50];Boolean;False;root/stations/050-Handling1/$Feedback/...
53_F_Panel_O6;Painel OUT 6 (Conexão banana);Handling[50];Boolean;False;root/stations/050-Handling1/$Feedback/...
53_F_Panel_O7;Painel OUT 7 (Conexão banana);Handling[50];Boolean;False;root/stations/050-Handling1/$Feedback/...
60_O_S_Part;Sensor Peça;Sorting[60];Boolean;False;root/stations/060-Sorting/$Inputs/...
60_O_S_Ind;Sensor Indutivo;Sorting[60];Boolean;False;root/stations/060-Sorting/$Inputs/...
60_O_S_Photo;Sensor Fotoelétrico;Sorting[60];Boolean;False;root/stations/060-Sorting/$Inputs/...
60_O_Part_Pass;Sensor de Passagem de Peça;Sorting[60];Boolean;False;root/stations/060-Sorting/$Inputs/...
60_O_SL1_Bck;Sensor da Alavanca Posição 1 Recuado;Sorting[60];Boolean;False;root/stations/060-Sorting/$Inputs/...
60_O_SL1_Fwd;Sensor da Alavanca Posição 1 Avançado;Sorting[60];Boolean;False;root/stations/060-Sorting/$Inputs/...
60_O_SL2_Bck;Sensor da Alavanca Posição 2 Recuado;Sorting[60];Boolean;False;root/stations/060-Sorting/$Inputs/...
60_O_SL2_Fwd;Sensor da Alavanca Posição 2 Avançado;Sorting[60];Boolean;False;root/stations/060-Sorting/$Inputs/...
61_O_On;Liga;Sorting[60];Boolean;False;root/stations/060-Sorting/$Inputs/...
61_O_Off;Desliga;Sorting[60];Boolean;False;root/stations/060-Sorting/$Inputs/...
61_O_Key_Pos;Chave;Sorting[60];Boolean;False;root/stations/060-Sorting/$Inputs/...
61_O_Reset;Reset;Sorting[60];Boolean;False;root/stations/060-Sorting/$Inputs/...
61_O_Panel_I4;Painel I4 (Conexão banana);Sorting[60];Boolean;False;root/stations/060-Sorting/$Inputs/...
61_O_Panel_I5;Painel I5 (Conexão banana);Sorting[60];Boolean;False;root/stations/060-Sorting/$Inputs/...
61_O_Panel_I6;Painel I6 (Conexão banana);Sorting[60];Boolean;False;root/stations/060-Sorting/$Inputs/...
61_O_Panel_I7;Painel 17 (Conexão banana);Sorting[60];Boolean;False;root/stations/060-Sorting/$Inputs/...
60_I_Conveyor;Liga Esteira;Sorting[60];Boolean;False;root/stations/060-Sorting/$Outputs/...
60_I_P1;Atuador Posição 1;Sorting[60];Boolean;False;root/stations/060-Sorting/$Outputs/...
60_I_P2;Atuador Posição 2;Sorting[60];Boolean;False;root/stations/060-Sorting/$Outputs/...
60_I_Identify;Bloqueio da Peça para Identificação;Sorting[60];Boolean;False;root/stations/060-Sorting/$Outputs/...
61_I_Led_Start;LED Start;Sorting[60];Boolean;False;root/stations/060-Sorting/$Outputs/...
61_I_Led_Reset;LED Reset;Sorting[60];Boolean;False;root/stations/060-Sorting/$Outputs/...
61_I_Led_Extra1;LED Extra 1;Sorting[60];Boolean;False;root/stations/060-Sorting/$Outputs/...
61_I_Led_Extra2;LED Extra 2;Sorting[60];Boolean;False;root/stations/060-Sorting/$Outputs/...
61_I_Panel_O4;Painel OUT 4 (Conexão banana);Sorting[60];Boolean;False;root/stations/060-Sorting/$Outputs/...
61_I_Panel_O5;Painel OUT 5 (Conexão banana);Sorting[60];Boolean;False;root/stations/060-Sorting/$Outputs/...
61_I_Panel_O6;Painel OUT 6 (Conexão banana);Sorting[60];Boolean;False;root/stations/060-Sorting/$Outputs/...
61_I_Panel_O7;Painel OUT 7 (Conexão banana);Sorting[60];Boolean;False;root/stations/060-Sorting/$Outputs/...
62_F_Conveyor;Liga Esteira;Sorting[60];Boolean;False;root/stations/060-Sorting/$Feedback/...
62_F_P1;Atuador Posição 1;Sorting[60];Boolean;False;root/stations/060-Sorting/$Feedback/...
62_F_P2;Atuador Posição 2;Sorting[60];Boolean;False;root/stations/060-Sorting/$Feedback/...
62_F_Identify;Bloqueio da Peça para Identificação;Sorting[60];Boolean;False;root/stations/060-Sorting/$Feedback/...
63_F_Led_Start;LED Start;Sorting[60];Boolean;False;root/stations/060-Sorting/$Feedback/...
63_F_Led_Reset;LED Reset;Sorting[60];Boolean;False;root/stations/060-Sorting/$Feedback/...
63_F_Led_Extra1;LED Extra 1;Sorting[60];Boolean;False;root/stations/060-Sorting/$Feedback/...
63_F_Led_Extra2;LED Extra 2;Sorting[60];Boolean;False;root/stations/060-Sorting/$Feedback/...
63_F_Panel_O4;Painel OUT 4 (Conexão banana);Sorting[60];Boolean;False;root/stations/060-Sorting/$Feedback/...
63_F_Panel_O5;Painel OUT 5 (Conexão banana);Sorting[60];Boolean;False;root/stations/060-Sorting/$Feedback/...
63_F_Panel_O6;Painel OUT 6 (Conexão banana);Sorting[60];Boolean;False;root/stations/060-Sorting/$Feedback/...
63_F_Panel_O7;Painel OUT 7 (Conexão banana);Sorting[60];Boolean;False;root/stations/060-Sorting/$Feedback/...
70_O_S_Inductive;Inductive sensor (metalic);Testing[70];Boolean;False;root/stations/070-Testing/$Inputs/...
70_O_S_Part;Part in elevator;Testing[70];Boolean;False;root/stations/070-Testing/$Inputs/...
70_O_S_Station;Station through;Testing[70];Boolean;False;root/stations/070-Testing/$Inputs/...
70_O_S_Part_Height;Part height sensor;Testing[70];Boolean;False;root/stations/070-Testing/$Inputs/...
70_O_Elev_High;Elevator in high position;Testing[70];Boolean;False;root/stations/070-Testing/$Inputs/...
70_O_Elev_Low;Elevator in low position;Testing[70];Boolean;False;root/stations/070-Testing/$Inputs/...
70_O_Pist_Back;Eject piston in back position;Testing[70];Boolean;False;root/stations/070-Testing/$Inputs/...
71_O_On;On;Testing[70];Boolean;False;root/stations/070-Testing/$Inputs/...
71_O_Off;Off;Testing[70];Boolean;False;root/stations/070-Testing/$Inputs/...
71_O_Key_Pos;Key position;Testing[70];Boolean;False;root/stations/070-Testing/$Inputs/...
71_O_Reset;Reset;Testing[70];Boolean;False;root/stations/070-Testing/$Inputs/...
71_O_Panel_I4;Panel I4 (Outside connection);Testing[70];Boolean;False;root/stations/070-Testing/$Inputs/...
71_O_Panel_I5;Panel I5 (Outside connection);Testing[70];Boolean;False;root/stations/070-Testing/$Inputs/...
71_O_Panel_I6;Panel I6 (Outside connection);Testing[70];Boolean;False;root/stations/070-Testing/$Inputs/...
71_O_Panel_I7;Panel I7 (Outside connection);Testing[70];Boolean;False;root/stations/070-Testing/$Inputs/...
70_I_Elev_Down;Lowers elevator;Testing[70];Boolean;False;root/stations/070-Testing/$Outputs/...
70_I_Elev_Up;Rises elevator;Testing[70];Boolean;False;root/stations/070-Testing/$Outputs/...
70_I_Eject_Part;Eject parts;Testing[70];Boolean;False;root/stations/070-Testing/$Outputs/...
70_I_Air_On;Turns on air (slide);Testing[70];Boolean;False;root/stations/070-Testing/$Outputs/...
71_I_Led_Start;Start LED;Testing[70];Boolean;False;root/stations/070-Testing/$Outputs/...
71_I_Led_Reset;Reset LED;Testing[70];Boolean;False;root/stations/070-Testing/$Outputs/...
71_I_Led_Extra1;Extra1 LED;Testing[70];Boolean;False;root/stations/070-Testing/$Outputs/...
71_I_Led_Extra2;Extra2 LED;Testing[70];Boolean;False;root/stations/070-Testing/$Outputs/...
71_I_Panel_O4;Panel O4 (Outside connection);Testing[70];Boolean;False;root/stations/070-Testing/$Outputs/...
71_I_Panel_O5;Panel O5 (Outside connection);Testing[70];Boolean;False;root/stations/070-Testing/$Outputs/...
71_I_Panel_O6;Panel O6 (Outside connection);Testing[70];Boolean;False;root/stations/070-Testing/$Outputs/...
71_I_Panel_O7;Panel O7 (Outside connection);Testing[70];Boolean;False;root/stations/070-Testing/$Outputs/...
72_F_Elev_Down;Lowers elevator;Testing[70];Boolean;False;root/stations/070-Testing/$Feedback/...
72_F_Elev_Up;Rises elevator;Testing[70];Boolean;False;root/stations/070-Testing/$Feedback/...
72_F_Eject_Part;Eject parts;Testing[70];Boolean;False;root/stations/070-Testing/$Feedback/...
72_F_Air_On;Turns on air (slide);Testing[70];Boolean;False;root/stations/070-Testing/$Feedback/...
73_F_Led_Start;Start LED;Testing[70];Boolean;False;root/stations/070-Testing/$Feedback/...
73_F_Led_Reset;Reset LED;Testing[70];Boolean;False;root/stations/070-Testing/$Feedback/...
73_F_Led_Extra1;Extra1 LED;Testing[70];Boolean;False;root/stations/070-Testing/$Feedback/...
73_F_Led_Extra2;Extra2 LED;Testing[70];Boolean;False;root/stations/070-Testing/$Feedback/...
73_F_Panel_O4;Panel O4 (Outside connection);Testing[70];Boolean;False;root/stations/070-Testing/$Feedback/...
73_F_Panel_O5;Panel O5 (Outside connection);Testing[70];Boolean;False;root/stations/070-Testing/$Feedback/...
73_F_Panel_O6;Panel O6 (Outside connection);Testing[70];Boolean;False;root/stations/070-Testing/$Feedback/...
73_F_Panel_O7;Panel O7 (Outside connection);Testing[70];Boolean;False;root/stations/070-Testing/$Feedback/...
75_O_ID_Delivery1;Identified Delivery - Bit 1;Testing[70];Boolean;False;root/stations/070-Testing/$Control/...
75_O_ID_Delivery2;Identified Delivery - Bit 2;Testing[70];Boolean;False;root/stations/070-Testing/$Control/...
75_C_Identified;Identified Delivery;Testing[70];Boolean;False;root/stations/070-Testing/$Control/...
75_C_Requested;Requested Delivery;Testing[70];Boolean;False;root/stations/070-Testing/$Control/...
75_I_RQ_Delivery1;Requested Delivery - Bit 1;Testing[70];Boolean;False;root/stations/070-Testing/$Control/...
75_I_RQ_Delivery2;Requested Delivery - Bit 2;Testing[70];Boolean;False;root/stations/070-Testing/$Control/...
80_O_Mag_Full;Alimentador Cheio;Distributing[80];Boolean;False;root/stations/080-Distributing/$Inputs/...
80_O_Pist_Back;Alimentador Peças Recuado;Distributing[80];Boolean;False;root/stations/080-Distributing/$Inputs/...
80_O_Pist_Fwd;Alimentador Peças Avançado;Distributing[80];Boolean;False;root/stations/080-Distributing/$Inputs/...
80_O_Part_Stuck;Peça Presa Ventosa;Distributing[80];Boolean;False;root/stations/080-Distributing/$Inputs/...
80_O_Arm_Mag;Ventosa Posição Esquerda (Magazine);Distributing[80];Boolean;False;root/stations/080-Distributing/$Inputs/...
80_O_Arm_Del;Ventosa Posição Direita;Distributing[80];Boolean;False;root/stations/080-Distributing/$Inputs/...
80_O_Part_Mag;Peça Magazine;Distributing[80];Boolean;False;root/stations/080-Distributing/$Inputs/...
81_O_On;Liga;Distributing[80];Boolean;False;root/stations/080-Distributing/$Inputs/...
81_O_Off;Desliga;Distributing[80];Boolean;False;root/stations/080-Distributing/$Inputs/...
81_O_Key_Pos;Chave;Distributing[80];Boolean;False;root/stations/080-Distributing/$Inputs/...
81_O_Reset;Reset;Distributing[80];Boolean;False;root/stations/080-Distributing/$Inputs/...
81_O_Panel_I4;Painel I4 (Conexão banana);Distributing[80];Boolean;False;root/stations/080-Distributing/$Inputs/...
81_O_Panel_I5;Painel I5 (Conexão banana);Distributing[80];Boolean;False;root/stations/080-Distributing/$Inputs/...
81_O_Panel_I6;Painel I6 (Conexão banana);Distributing[80];Boolean;False;root/stations/080-Distributing/$Inputs/...
81_O_Panel_I7;Painel 17 (Conexão banana);Distributing[80];Boolean;False;root/stations/080-Distributing/$Inputs/...
80_I_Pist_Adv;Alimentador Peças Acionado;Distributing[80];Boolean;False;root/stations/080-Distributing/$Outputs/...
80_I_Suction_On;Ventosa ON;Distributing[80];Boolean;False;root/stations/080-Distributing/$Outputs/...
80_I_Suction_Off;Ventosa OFF;Distributing[80];Boolean;False;root/stations/080-Distributing/$Outputs/...
80_I_Arm_2_Del;Ventosa Sentido Direita;Distributing[80];Boolean;False;root/stations/080-Distributing/$Outputs/...
80_I_Arm_2_Mag;Ventosa Sentido Esquerda (Magazine);Distributing[80];Boolean;False;root/stations/080-Distributing/$Outputs/...
81_I_Led_Start;LED Start;Distributing[80];Boolean;False;root/stations/080-Distributing/$Outputs/...
81_I_Led_Reset;LED Reset;Distributing[80];Boolean;False;root/stations/080-Distributing/$Outputs/...
81_I_Led_Extra1;LED Extra 1;Distributing[80];Boolean;False;root/stations/080-Distributing/$Outputs/...
81_I_Led_Extra2;LED Extra 2;Distributing[80];Boolean;False;root/stations/080-Distributing/$Outputs/...
81_I_Panel_O4;Painel OUT 4 (Conexão banana);Distributing[80];Boolean;False;root/stations/080-Distributing/$Outputs/...
81_I_Panel_O5;Painel OUT 5 (Conexão banana);Distributing[80];Boolean;False;root/stations/080-Distributing/$Outputs/...
81_I_Panel_O6;Painel OUT 6 (Conexão banana);Distributing[80];Boolean;False;root/stations/080-Distributing/$Outputs/...
81_I_Panel_O7;Painel OUT 7 (Conexão banana);Distributing[80];Boolean;False;root/stations/080-Distributing/$Outputs/...
82_F_Pist_Adv;Alimentador Peças Acionado;Distributing[80];Boolean;False;root/stations/080-Distributing/$Feedback/...
82_F_Suction_On;Ventosa ON;Distributing[80];Boolean;False;root/stations/080-Distributing/$Feedback/...
82_F_Suction_Off;Ventosa OFF;Distributing[80];Boolean;False;root/stations/080-Distributing/$Feedback/...
82_F_Arm_2_Del;Ventosa Sentido Direita;Distributing[80];Boolean;False;root/stations/080-Distributing/$Feedback/...
82_F_Arm_2_Mag;Ventosa Sentido Esquerda (Magazine);Distributing[80];Boolean;False;root/stations/080-Distributing/$Feedback/...
83_F_Led_Start;LED Start;Distributing[80];Boolean;False;root/stations/080-Distributing/$Feedback/...
83_F_Led_Reset;LED Reset;Distributing[80];Boolean;False;root/stations/080-Distributing/$Feedback/...
83_F_Led_Extra1;LED Extra 1;Distributing[80];Boolean;False;root/stations/080-Distributing/$Feedback/...
83_F_Led_Extra2;LED Extra 2;Distributing[80];Boolean;False;root/stations/080-Distributing/$Feedback/...
83_F_Panel_O4;Painel OUT 4 (Conexão banana);Distributing[80];Boolean;False;root/stations/080-Distributing/$Feedback/...
83_F_Panel_O5;Painel OUT 5 (Conexão banana);Distributing[80];Boolean;False;root/stations/080-Distributing/$Feedback/...
83_F_Panel_O6;Painel OUT 6 (Conexão banana);Distributing[80];Boolean;False;root/stations/080-Distributing/$Feedback/...
83_F_Panel_O7;Painel OUT 7 (Conexão banana);Distributing[80];Boolean;False;root/stations/080-Distributing/$Feedback/...
90_I_Claw_2_Cart;Movimenta Garra Sentido Entrega de Peça;Handling[90];Boolean;False;root/stations/090-Handling2/$Inputs/...
90_I_Claw_2_Del;Movimenta Garra Sentido Berço;Handling[90];Boolean;False;root/stations/090-Handling2/$Inputs/...
90_I_Claw_Down;Abaixar Garra;Handling[90];Boolean;False;root/stations/090-Handling2/$Inputs/...
90_I_Close_Claw;Abrir Garra;Handling[90];Boolean;False;root/stations/090-Handling2/$Inputs/...
91_I_Led_Start;LED Start;Handling[90];Boolean;False;root/stations/090-Handling2/$Inputs/...
91_I_Led_Reset;LED Reset;Handling[90];Boolean;False;root/stations/090-Handling2/$Inputs/...
91_I_Led_Extra1;LED Extra 1;Handling[90];Boolean;False;root/stations/090-Handling2/$Inputs/...
91_I_Led_Extra2;LED Extra 2;Handling[90];Boolean;False;root/stations/090-Handling2/$Inputs/...
91_I_Panel_O4;Painel OUT 4 (Conexão banana);Handling[90];Boolean;False;root/stations/090-Handling2/$Inputs/...
91_I_Panel_O5;Painel OUT 5 (Conexão banana);Handling[90];Boolean;False;root/stations/090-Handling2/$Inputs/...
91_I_Panel_O6;Painel OUT 6 (Conexão banana);Handling[90];Boolean;False;root/stations/090-Handling2/$Inputs/...
91_I_Panel_O7;Painel OUT 7 (Conexão banana);Handling[90];Boolean;False;root/stations/090-Handling2/$Inputs/...
90_O_Part_Reserve;Part in reserve position;Handling[90];Boolean;False;root/stations/090-Handling2/$Outputs/...
90_O_Claw_Del;Claw at delivery position;Handling[90];Boolean;False;root/stations/090-Handling2/$Outputs/...
90_O_Claw_Reserve;Claw at reserve position;Handling[90];Boolean;False;root/stations/090-Handling2/$Outputs/...
90_O_Claw_Cart;Claw at cart position;Handling[90];Boolean;False;root/stations/090-Handling2/$Outputs/...
90_O_Claw_Low;Claw Low;Handling[90];Boolean;False;root/stations/090-Handling2/$Outputs/...
90_O_Claw_High;Claw high;Handling[90];Boolean;False;root/stations/090-Handling2/$Outputs/...
90_O_Part_in_Claw;Part in claw;Handling[90];Boolean;False;root/stations/090-Handling2/$Outputs/...
91_O_On;On;Handling[90];Boolean;False;root/stations/090-Handling2/$Outputs/...
91_O_Off;Off;Handling[90];Boolean;False;root/stations/090-Handling2/$Outputs/...
91_O_Key_Pos;Key position;Handling[90];Boolean;False;root/stations/090-Handling2/$Outputs/...
91_O_Reset;Reset;Handling[90];Boolean;False;root/stations/090-Handling2/$Outputs/...
91_O_Panel_I4;Panel I4 (Outside connection);Handling[90];Boolean;False;root/stations/090-Handling2/$Outputs/...
91_O_Panel_I5;Panel I5 (Outside connection);Handling[90];Boolean;False;root/stations/090-Handling2/$Outputs/...
91_O_Panel_I6;Panel I6 (Outside connection);Handling[90];Boolean;False;root/stations/090-Handling2/$Outputs/...
91_O_Panel_I7;Panel I7 (Outside connection);Handling[90];Boolean;False;root/stations/090-Handling2/$Outputs/...
92_F_Claw_2_Cart;Movimenta Garra Sentido Entrega de Peça;Handling[90];Boolean;False;root/stations/090-Handling2/$Feedback/...
92_F_Claw_2_Del;Movimenta Garra Sentido Berço;Handling[90];Boolean;False;root/stations/090-Handling2/$Feedback/...
92_F_Claw_Down;Abaixar Garra;Handling[90];Boolean;False;root/stations/090-Handling2/$Feedback/...
92_F_Close_Claw;Abrir Garra;Handling[90];Boolean;False;root/stations/090-Handling2/$Feedback/...
93_F_Led_Start;LED Start;Handling[90];Boolean;False;root/stations/090-Handling2/$Feedback/...
93_F_Led_Reset;LED Reset;Handling[90];Boolean;False;root/stations/090-Handling2/$Feedback/...
93_F_Led_Extra1;LED Extra 1;Handling[90];Boolean;False;root/stations/090-Handling2/$Feedback/...
93_F_Led_Extra2;LED Extra 2;Handling[90];Boolean;False;root/stations/090-Handling2/$Feedback/...
93_F_Panel_O4;Painel OUT 4 (Conexão banana);Handling[90];Boolean;False;root/stations/090-Handling2/$Feedback/...
93_F_Panel_O5;Painel OUT 5 (Conexão banana);Handling[90];Boolean;False;root/stations/090-Handling2/$Feedback/...
93_F_Panel_O6;Painel OUT 6 (Conexão banana);Handling[90];Boolean;False;root/stations/090-Handling2/$Feedback/...
93_F_Panel_O7;Painel OUT 7 (Conexão banana);Handling[90];Boolean;False;root/stations/090-Handling2/$Feedback/...
95_C_Cart2Del;Cart to Delivery Transport;Handling[90];Boolean;False;root/stations/090-Handling2/$Control/...
95_C_Del2Cart;Delivery to Cart Transport;Handling[90];Boolean;False;root/stations/090-Handling2/$Control/...
95_C_MoveArm;Sends Signal to Move Arm;Handling[90];Boolean;False;root/stations/090-Handling2/$Control/...
100_O_PInit_Pos;Peça posição inicial;Processing[100];Boolean;False;root/stations/100-Processing/$Inputs/...
100_O_PDrill_Pos;Peça posição retífica;Processing[100];Boolean;False;root/stations/100-Processing/$Inputs/...
100_O_PTest_Pos;Peça posição teste;Processing[100];Boolean;False;root/stations/100-Processing/$Inputs/...
100_O_SDrill_High;Sensor de retífica alta;Processing[100];Boolean;False;root/stations/100-Processing/$Inputs/...
100_O_SDrill_Low;Sensor de retífica baixa;Processing[100];Boolean;False;root/stations/100-Processing/$Inputs/...
100_O_RT_Sensor;Sensor embaixo da mesa;Processing[100];Boolean;False;root/stations/100-Processing/$Inputs/...
100_O_PTest_Ok;Teste executado OK;Processing[100];Boolean;False;root/stations/100-Processing/$Inputs/...
101_O_On;Liga;Processing[100];Boolean;False;root/stations/100-Processing/$Inputs/...
101_O_Off;Desliga;Processing[100];Boolean;False;root/stations/100-Processing/$Inputs/...
101_O_Key_Pos;Chave;Processing[100];Boolean;False;root/stations/100-Processing/$Inputs/...
101_O_Reset;Reset;Processing[100];Boolean;False;root/stations/100-Processing/$Inputs/...
101_O_Panel_I4;Painel I4 (Conexão banana);Processing[100];Boolean;False;root/stations/100-Processing/$Inputs/...
101_O_Panel_I5;Painel I5 (Conexão banana);Processing[100];Boolean;False;root/stations/100-Processing/$Inputs/...
101_O_Panel_I6;Painel I6 (Conexão banana);Processing[100];Boolean;False;root/stations/100-Processing/$Inputs/...
101_O_Panel_I7;Painel 17 (Conexão banana);Processing[100];Boolean;False;root/stations/100-Processing/$Inputs/...
100_I_Drill_On;Liga Retífica;Processing[100];Boolean;False;root/stations/100-Processing/$Outputs/...
100_I_RT_On;Acionamento da Mesa;Processing[100];Boolean;False;root/stations/100-Processing/$Outputs/...
100_I_Drill_Down;Abaixar Retífica;Processing[100];Boolean;False;root/stations/100-Processing/$Outputs/...
100_I_Drill_Up;Levantar Retífica;Processing[100];Boolean;False;root/stations/100-Processing/$Outputs/...
100_I_Drill_Pin;Atuador de peça na retífica;Processing[100];Boolean;False;root/stations/100-Processing/$Outputs/...
100_I_Test_Pin;Atuador do teste de furação;Processing[100];Boolean;False;root/stations/100-Processing/$Outputs/...
101_I_Led_Start;LED Start;Processing[100];Boolean;False;root/stations/100-Processing/$Outputs/...
101_I_Led_Reset;LED Reset;Processing[100];Boolean;False;root/stations/100-Processing/$Outputs/...
101_I_Led_Extra1;LED Extra 1;Processing[100];Boolean;False;root/stations/100-Processing/$Outputs/...
101_I_Led_Extra2;LED Extra 2;Processing[100];Boolean;False;root/stations/100-Processing/$Outputs/...
101_I_Panel_O4;Painel OUT 4 (Conexão banana);Processing[100];Boolean;False;root/stations/100-Processing/$Outputs/...
101_I_Panel_O5;Painel OUT 5 (Conexão banana);Processing[100];Boolean;False;root/stations/100-Processing/$Outputs/...
101_I_Panel_O6;Painel OUT 6 (Conexão banana);Processing[100];Boolean;False;root/stations/100-Processing/$Outputs/...
101_I_Panel_O7;Painel OUT 7 (Conexão banana);Processing[100];Boolean;False;root/stations/100-Processing/$Outputs/...
102_F_Drill_On;Liga Retífica;Processing[100];Boolean;False;root/stations/100-Processing/$Feedback/...
102_F_RT_On;Acionamento da Mesa;Processing[100];Boolean;False;root/stations/100-Processing/$Feedback/...
102_F_Drill_Down;Abaixar Retífica;Processing[100];Boolean;False;root/stations/100-Processing/$Feedback/...
102_F_Drill_Up;Levantar Retífica;Processing[100];Boolean;False;root/stations/100-Processing/$Feedback/...
102_F_Drill_Pin;Atuador de peça na retífica;Processing[100];Boolean;False;root/stations/100-Processing/$Feedback/...
102_F_Test_Pin;Atuador do teste de furação;Processing[100];Boolean;False;root/stations/100-Processing/$Feedback/...
103_F_Led_Start;LED Start;Processing[100];Boolean;False;root/stations/100-Processing/$Feedback/...
103_F_Led_Reset;LED Reset;Processing[100];Boolean;False;root/stations/100-Processing/$Feedback/...
103_F_Led_Extra1;LED Extra 1;Processing[100];Boolean;False;root/stations/100-Processing/$Feedback/...
103_F_Led_Extra2;LED Extra 2;Processing[100];Boolean;False;root/stations/100-Processing/$Feedback/...
103_F_Panel_O4;Painel OUT 4 (Conexão banana);Processing[100];Boolean;False;root/stations/100-Processing/$Feedback/...
103_F_Panel_O5;Painel OUT 5 (Conexão banana);Processing[100];Boolean;False;root/stations/100-Processing/$Feedback/...
103_F_Panel_O6;Painel OUT 6 (Conexão banana);Processing[100];Boolean;False;root/stations/100-Processing/$Feedback/...
103_F_Panel_O7;Painel OUT 7 (Conexão banana);Processing[100];Boolean;False;root/stations/100-Processing/$Feedback/...
StatusEscrita;Confirma Status da Escrita em qualquer antena;AS-IConveyorRFID;String;;root/stations/030-Conveyor/$RFID/...
Antena1_TagReport;Mostra todas as infos;AS-IConveyorRFID;String;;root/stations/030-Conveyor/RFID/$Antena1/...
Antena1_R_TagID;Lê Tag ID;AS-IConveyorRFID;String;;root/stations/030-Conveyor/RFID/$Antena1/...
Antena1_R_UserData;Lê Dado Uusário;AS-IConveyorRFID;String;;root/stations/030-Conveyor/RFID/$Antena1/...
Antena1_W_TagID;Escreve Tag ID;AS-IConveyorRFID;String;;root/stations/030-Conveyor/RFID/$Antena1/...
Antena1_W_UserData;Escreve Dado Usuário;AS-IConveyorRFID;String;;root/stations/030-Conveyor/RFID/$Antena1/...
Antena2_TagReport;Mostra todas as infos;AS-IConveyorRFID;String;;root/stations/030-Conveyor/RFID/$Antena2/...
Antena2_R_TagID;Lê Tag ID;AS-IConveyorRFID;String;;root/stations/030-Conveyor/RFID/$Antena2/...
Antena2_R_UserData;Lê Dado Uusário;AS-IConveyorRFID;String;;root/stations/030-Conveyor/RFID/$Antena2/...
Antena2_W_TagID;Escreve Tag ID;AS-IConveyorRFID;String;;root/stations/030-Conveyor/RFID/$Antena2/...
Antena2_W_UserData;Escreve Dado Usuário;AS-IConveyorRFID;String;;root/stations/030-Conveyor/RFID/$Antena2/...
Antena3_TagReport;Mostra todas as infos;AS-IConveyorRFID;String;;root/stations/030-Conveyor/RFID/$Antena3/...
Antena3_R_TagID;Lê Tag ID;AS-IConveyorRFID;String;;root/stations/030-Conveyor/RFID/$Antena3/...
Antena3_R_UserData;Lê Dado Uusário;AS-IConveyorRFID;String;;root/stations/030-Conveyor/RFID/$Antena3/...
Antena3_W_TagID;Escreve Tag ID;AS-IConveyorRFID;String;;root/stations/030-Conveyor/RFID/$Antena3/...
Antena3_W_UserData;Escreve Dado Usuário;AS-IConveyorRFID;String;;root/stations/030-Conveyor/RFID/$Antena3/...
Antena4_TagReport;Mostra todas as infos;AS-IConveyorRFID;String;;root/stations/030-Conveyor/RFID/$Antena4/...
Antena4_R_TagID;Lê Tag ID;AS-IConveyorRFID;String;;root/stations/030-Conveyor/RFID/$Antena4/...
Antena4_R_UserData;Lê Dado Uusário;AS-IConveyorRFID;String;;root/stations/030-Conveyor/RFID/$Antena4/...
Antena4_W_TagID;Escreve Tag ID;AS-IConveyorRFID;String;;root/stations/030-Conveyor/RFID/$Antena4/...
Antena4_W_UserData;Escreve Dado Usuário;AS-IConveyorRFID;String;;root/stations/030-Conveyor/RFID/$Antena4/...
$END;$END;$END;$END;$END;$END
